[{"model": "admin.logentry", "pk": 1, "fields": {"action_time": "2023-09-02T20:08:20.073Z", "user": 1, "content_type": 8, "object_id": "2", "object_repr": "123456", "action_flag": 3, "change_message": ""}}, {"model": "admin.logentry", "pk": 2, "fields": {"action_time": "2023-09-02T20:11:44.607Z", "user": 1, "content_type": 8, "object_id": "3", "object_repr": "123456", "action_flag": 3, "change_message": ""}}, {"model": "admin.logentry", "pk": 3, "fields": {"action_time": "2023-09-02T20:18:15.936Z", "user": 1, "content_type": 8, "object_id": "5", "object_repr": "123456", "action_flag": 3, "change_message": ""}}, {"model": "admin.logentry", "pk": 4, "fields": {"action_time": "2023-09-02T21:02:41.776Z", "user": 1, "content_type": 8, "object_id": "7", "object_repr": "123456", "action_flag": 2, "change_message": "[{\"changed\": {\"fields\": [\"Bill status\", \"Units consumed\"]}}]"}}, {"model": "admin.logentry", "pk": 5, "fields": {"action_time": "2023-09-02T21:02:47.425Z", "user": 1, "content_type": 8, "object_id": "6", "object_repr": "123456", "action_flag": 2, "change_message": "[{\"changed\": {\"fields\": [\"Bill status\", \"Units consumed\"]}}]"}}, {"model": "admin.logentry", "pk": 6, "fields": {"action_time": "2023-09-02T21:02:53.693Z", "user": 1, "content_type": 8, "object_id": "4", "object_repr": "123456", "action_flag": 2, "change_message": "[{\"changed\": {\"fields\": [\"Bill status\", \"Units consumed\"]}}]"}}, {"model": "admin.logentry", "pk": 7, "fields": {"action_time": "2023-09-02T21:04:39.834Z", "user": 1, "content_type": 8, "object_id": "7", "object_repr": "123456", "action_flag": 2, "change_message": "[{\"changed\": {\"fields\": [\"Bill status\"]}}]"}}, {"model": "admin.logentry", "pk": 8, "fields": {"action_time": "2023-09-02T21:04:44.934Z", "user": 1, "content_type": 8, "object_id": "6", "object_repr": "123456", "action_flag": 2, "change_message": "[{\"changed\": {\"fields\": [\"Bill status\"]}}]"}}, {"model": "admin.logentry", "pk": 9, "fields": {"action_time": "2023-09-02T21:04:49.334Z", "user": 1, "content_type": 8, "object_id": "4", "object_repr": "123456", "action_flag": 2, "change_message": "[{\"changed\": {\"fields\": [\"Bill status\"]}}]"}}, {"model": "admin.logentry", "pk": 10, "fields": {"action_time": "2023-09-02T21:05:34.107Z", "user": 1, "content_type": 8, "object_id": "7", "object_repr": "123456", "action_flag": 3, "change_message": ""}}, {"model": "admin.logentry", "pk": 11, "fields": {"action_time": "2023-09-02T21:05:34.150Z", "user": 1, "content_type": 8, "object_id": "6", "object_repr": "123456", "action_flag": 3, "change_message": ""}}, {"model": "admin.logentry", "pk": 12, "fields": {"action_time": "2023-09-02T21:05:34.152Z", "user": 1, "content_type": 8, "object_id": "4", "object_repr": "123456", "action_flag": 3, "change_message": ""}}, {"model": "admin.logentry", "pk": 13, "fields": {"action_time": "2023-09-02T21:22:26.526Z", "user": 1, "content_type": 6, "object_id": "1", "object_repr": "abc@gmail.com", "action_flag": 2, "change_message": "[{\"changed\": {\"fields\": [\"Username\", \"Role\"]}}]"}}, {"model": "admin.logentry", "pk": 14, "fields": {"action_time": "2023-09-05T11:05:53.311Z", "user": 1, "content_type": 10, "object_id": "2", "object_repr": "123123", "action_flag": 2, "change_message": "[{\"changed\": {\"fields\": [\"Owners name\", \"Meter no\"]}}]"}}, {"model": "admin.logentry", "pk": 15, "fields": {"action_time": "2023-09-05T11:10:27.385Z", "user": 1, "content_type": 10, "object_id": "2", "object_repr": "123123", "action_flag": 2, "change_message": "[{\"changed\": {\"fields\": [\"Owners phone number\"]}}]"}}, {"model": "admin.logentry", "pk": 16, "fields": {"action_time": "2023-09-05T12:12:09.819Z", "user": 1, "content_type": 19, "object_id": "1", "object_repr": "DueDateForFine object (1)", "action_flag": 2, "change_message": "[{\"changed\": {\"fields\": [\"Fine date\"]}}]"}}, {"model": "admin.logentry", "pk": 17, "fields": {"action_time": "2023-09-24T23:07:58.837Z", "user": 1, "content_type": 8, "object_id": "22", "object_repr": "007", "action_flag": 2, "change_message": "[{\"changed\": {\"fields\": [\"Bill status\"]}}]"}}, {"model": "admin.logentry", "pk": 18, "fields": {"action_time": "2023-09-24T23:08:06.984Z", "user": 1, "content_type": 8, "object_id": "19", "object_repr": "007", "action_flag": 2, "change_message": "[{\"changed\": {\"fields\": [\"Bill status\"]}}]"}}, {"model": "admin.logentry", "pk": 19, "fields": {"action_time": "2023-09-24T23:08:34.956Z", "user": 1, "content_type": 8, "object_id": "18", "object_repr": "007", "action_flag": 2, "change_message": "[{\"changed\": {\"fields\": [\"Bill status\"]}}]"}}, {"model": "admin.logentry", "pk": 20, "fields": {"action_time": "2023-09-25T22:47:18.890Z", "user": 1, "content_type": 8, "object_id": "26", "object_repr": "098", "action_flag": 2, "change_message": "[{\"changed\": {\"fields\": [\"Bill status\"]}}]"}}, {"model": "admin.logentry", "pk": 21, "fields": {"action_time": "2023-09-25T22:49:46.284Z", "user": 1, "content_type": 8, "object_id": "40", "object_repr": "123456", "action_flag": 3, "change_message": ""}}, {"model": "admin.logentry", "pk": 22, "fields": {"action_time": "2023-09-25T23:03:19.636Z", "user": 1, "content_type": 8, "object_id": "42", "object_repr": "123456", "action_flag": 3, "change_message": ""}}, {"model": "admin.logentry", "pk": 23, "fields": {"action_time": "2023-09-25T23:05:40.437Z", "user": 1, "content_type": 8, "object_id": "43", "object_repr": "123456", "action_flag": 3, "change_message": ""}}, {"model": "admin.logentry", "pk": 24, "fields": {"action_time": "2023-09-25T23:22:37.510Z", "user": 1, "content_type": 8, "object_id": "45", "object_repr": "123456", "action_flag": 3, "change_message": ""}}, {"model": "admin.logentry", "pk": 25, "fields": {"action_time": "2023-09-25T23:22:37.515Z", "user": 1, "content_type": 8, "object_id": "44", "object_repr": "123456", "action_flag": 3, "change_message": ""}}, {"model": "admin.logentry", "pk": 26, "fields": {"action_time": "2023-09-25T23:22:37.516Z", "user": 1, "content_type": 8, "object_id": "41", "object_repr": "123456", "action_flag": 3, "change_message": ""}}, {"model": "admin.logentry", "pk": 27, "fields": {"action_time": "2023-09-25T23:23:54.670Z", "user": 1, "content_type": 8, "object_id": "47", "object_repr": "123456", "action_flag": 3, "change_message": ""}}, {"model": "admin.logentry", "pk": 28, "fields": {"action_time": "2023-09-25T23:24:12.402Z", "user": 1, "content_type": 8, "object_id": "46", "object_repr": "123456", "action_flag": 2, "change_message": "[{\"changed\": {\"fields\": [\"Bill status\", \"Remaing dues\"]}}]"}}, {"model": "admin.logentry", "pk": 29, "fields": {"action_time": "2023-09-25T23:30:29.303Z", "user": 1, "content_type": 8, "object_id": "48", "object_repr": "123456", "action_flag": 3, "change_message": ""}}, {"model": "admin.logentry", "pk": 30, "fields": {"action_time": "2023-10-08T11:44:53.873Z", "user": 1, "content_type": 8, "object_id": "55", "object_repr": "12345678", "action_flag": 2, "change_message": "[{\"changed\": {\"fields\": [\"Bill total amount\", \"Units consumed\"]}}]"}}, {"model": "auth.permission", "pk": 1, "fields": {"name": "Can add log entry", "content_type": 1, "codename": "add_logentry"}}, {"model": "auth.permission", "pk": 2, "fields": {"name": "Can change log entry", "content_type": 1, "codename": "change_logentry"}}, {"model": "auth.permission", "pk": 3, "fields": {"name": "Can delete log entry", "content_type": 1, "codename": "delete_logentry"}}, {"model": "auth.permission", "pk": 4, "fields": {"name": "Can view log entry", "content_type": 1, "codename": "view_logentry"}}, {"model": "auth.permission", "pk": 5, "fields": {"name": "Can add permission", "content_type": 2, "codename": "add_permission"}}, {"model": "auth.permission", "pk": 6, "fields": {"name": "Can change permission", "content_type": 2, "codename": "change_permission"}}, {"model": "auth.permission", "pk": 7, "fields": {"name": "Can delete permission", "content_type": 2, "codename": "delete_permission"}}, {"model": "auth.permission", "pk": 8, "fields": {"name": "Can view permission", "content_type": 2, "codename": "view_permission"}}, {"model": "auth.permission", "pk": 9, "fields": {"name": "Can add group", "content_type": 3, "codename": "add_group"}}, {"model": "auth.permission", "pk": 10, "fields": {"name": "Can change group", "content_type": 3, "codename": "change_group"}}, {"model": "auth.permission", "pk": 11, "fields": {"name": "Can delete group", "content_type": 3, "codename": "delete_group"}}, {"model": "auth.permission", "pk": 12, "fields": {"name": "Can view group", "content_type": 3, "codename": "view_group"}}, {"model": "auth.permission", "pk": 13, "fields": {"name": "Can add content type", "content_type": 4, "codename": "add_contenttype"}}, {"model": "auth.permission", "pk": 14, "fields": {"name": "Can change content type", "content_type": 4, "codename": "change_contenttype"}}, {"model": "auth.permission", "pk": 15, "fields": {"name": "Can delete content type", "content_type": 4, "codename": "delete_contenttype"}}, {"model": "auth.permission", "pk": 16, "fields": {"name": "Can view content type", "content_type": 4, "codename": "view_contenttype"}}, {"model": "auth.permission", "pk": 17, "fields": {"name": "Can add session", "content_type": 5, "codename": "add_session"}}, {"model": "auth.permission", "pk": 18, "fields": {"name": "Can change session", "content_type": 5, "codename": "change_session"}}, {"model": "auth.permission", "pk": 19, "fields": {"name": "Can delete session", "content_type": 5, "codename": "delete_session"}}, {"model": "auth.permission", "pk": 20, "fields": {"name": "Can view session", "content_type": 5, "codename": "view_session"}}, {"model": "auth.permission", "pk": 21, "fields": {"name": "Can add custom user", "content_type": 6, "codename": "add_customuser"}}, {"model": "auth.permission", "pk": 22, "fields": {"name": "Can change custom user", "content_type": 6, "codename": "change_customuser"}}, {"model": "auth.permission", "pk": 23, "fields": {"name": "Can delete custom user", "content_type": 6, "codename": "delete_customuser"}}, {"model": "auth.permission", "pk": 24, "fields": {"name": "Can view custom user", "content_type": 6, "codename": "view_customuser"}}, {"model": "auth.permission", "pk": 25, "fields": {"name": "Can add meter", "content_type": 7, "codename": "add_meter"}}, {"model": "auth.permission", "pk": 26, "fields": {"name": "Can change meter", "content_type": 7, "codename": "change_meter"}}, {"model": "auth.permission", "pk": 27, "fields": {"name": "Can delete meter", "content_type": 7, "codename": "delete_meter"}}, {"model": "auth.permission", "pk": 28, "fields": {"name": "Can view meter", "content_type": 7, "codename": "view_meter"}}, {"model": "auth.permission", "pk": 29, "fields": {"name": "Can add calculated bill", "content_type": 8, "codename": "add_calculatedbill"}}, {"model": "auth.permission", "pk": 30, "fields": {"name": "Can change calculated bill", "content_type": 8, "codename": "change_calculatedbill"}}, {"model": "auth.permission", "pk": 31, "fields": {"name": "Can delete calculated bill", "content_type": 8, "codename": "delete_calculatedbill"}}, {"model": "auth.permission", "pk": 32, "fields": {"name": "Can view calculated bill", "content_type": 8, "codename": "view_calculatedbill"}}, {"model": "auth.permission", "pk": 33, "fields": {"name": "Can add block", "content_type": 9, "codename": "add_block"}}, {"model": "auth.permission", "pk": 34, "fields": {"name": "Can change block", "content_type": 9, "codename": "change_block"}}, {"model": "auth.permission", "pk": 35, "fields": {"name": "Can delete block", "content_type": 9, "codename": "delete_block"}}, {"model": "auth.permission", "pk": 36, "fields": {"name": "Can view block", "content_type": 9, "codename": "view_block"}}, {"model": "auth.permission", "pk": 37, "fields": {"name": "Can add area", "content_type": 10, "codename": "add_area"}}, {"model": "auth.permission", "pk": 38, "fields": {"name": "Can change area", "content_type": 10, "codename": "change_area"}}, {"model": "auth.permission", "pk": 39, "fields": {"name": "Can delete area", "content_type": 10, "codename": "delete_area"}}, {"model": "auth.permission", "pk": 40, "fields": {"name": "Can view area", "content_type": 10, "codename": "view_area"}}, {"model": "auth.permission", "pk": 41, "fields": {"name": "Can add commercial unit rates", "content_type": 11, "codename": "add_commercialunitrates"}}, {"model": "auth.permission", "pk": 42, "fields": {"name": "Can change commercial unit rates", "content_type": 11, "codename": "change_commercialunitrates"}}, {"model": "auth.permission", "pk": 43, "fields": {"name": "Can delete commercial unit rates", "content_type": 11, "codename": "delete_commercialunitrates"}}, {"model": "auth.permission", "pk": 44, "fields": {"name": "Can view commercial unit rates", "content_type": 11, "codename": "view_commercialunitrates"}}, {"model": "auth.permission", "pk": 45, "fields": {"name": "Can add fine after due date", "content_type": 12, "codename": "add_fineafterduedate"}}, {"model": "auth.permission", "pk": 46, "fields": {"name": "Can change fine after due date", "content_type": 12, "codename": "change_fineafterduedate"}}, {"model": "auth.permission", "pk": 47, "fields": {"name": "Can delete fine after due date", "content_type": 12, "codename": "delete_fineafterduedate"}}, {"model": "auth.permission", "pk": 48, "fields": {"name": "Can view fine after due date", "content_type": 12, "codename": "view_fineafterduedate"}}, {"model": "auth.permission", "pk": 49, "fields": {"name": "Can add miscellaneous charges", "content_type": 13, "codename": "add_miscellaneouscharges"}}, {"model": "auth.permission", "pk": 50, "fields": {"name": "Can change miscellaneous charges", "content_type": 13, "codename": "change_miscellaneouscharges"}}, {"model": "auth.permission", "pk": 51, "fields": {"name": "Can delete miscellaneous charges", "content_type": 13, "codename": "delete_miscellaneouscharges"}}, {"model": "auth.permission", "pk": 52, "fields": {"name": "Can view miscellaneous charges", "content_type": 13, "codename": "view_miscellaneouscharges"}}, {"model": "auth.permission", "pk": 53, "fields": {"name": "Can add residential unit rates", "content_type": 14, "codename": "add_residentialunitrates"}}, {"model": "auth.permission", "pk": 54, "fields": {"name": "Can change residential unit rates", "content_type": 14, "codename": "change_residentialunitrates"}}, {"model": "auth.permission", "pk": 55, "fields": {"name": "Can delete residential unit rates", "content_type": 14, "codename": "delete_residentialunitrates"}}, {"model": "auth.permission", "pk": 56, "fields": {"name": "Can view residential unit rates", "content_type": 14, "codename": "view_residentialunitrates"}}, {"model": "auth.permission", "pk": 57, "fields": {"name": "Can add third range of unit values", "content_type": 15, "codename": "add_thirdrangeofunitvalues"}}, {"model": "auth.permission", "pk": 58, "fields": {"name": "Can change third range of unit values", "content_type": 15, "codename": "change_thirdrangeofunitvalues"}}, {"model": "auth.permission", "pk": 59, "fields": {"name": "Can delete third range of unit values", "content_type": 15, "codename": "delete_thirdrangeofunitvalues"}}, {"model": "auth.permission", "pk": 60, "fields": {"name": "Can view third range of unit values", "content_type": 15, "codename": "view_thirdrangeofunitvalues"}}, {"model": "auth.permission", "pk": 61, "fields": {"name": "Can add first range of unit values", "content_type": 16, "codename": "add_firstrangeofunitvalues"}}, {"model": "auth.permission", "pk": 62, "fields": {"name": "Can change first range of unit values", "content_type": 16, "codename": "change_firstrangeofunitvalues"}}, {"model": "auth.permission", "pk": 63, "fields": {"name": "Can delete first range of unit values", "content_type": 16, "codename": "delete_firstrangeofunitvalues"}}, {"model": "auth.permission", "pk": 64, "fields": {"name": "Can view first range of unit values", "content_type": 16, "codename": "view_firstrangeofunitvalues"}}, {"model": "auth.permission", "pk": 65, "fields": {"name": "Can add fouth range of unit values", "content_type": 17, "codename": "add_fouthrangeofunitvalues"}}, {"model": "auth.permission", "pk": 66, "fields": {"name": "Can change fouth range of unit values", "content_type": 17, "codename": "change_fouthrangeofunitvalues"}}, {"model": "auth.permission", "pk": 67, "fields": {"name": "Can delete fouth range of unit values", "content_type": 17, "codename": "delete_fouthrangeofunitvalues"}}, {"model": "auth.permission", "pk": 68, "fields": {"name": "Can view fouth range of unit values", "content_type": 17, "codename": "view_fouthrangeofunitvalues"}}, {"model": "auth.permission", "pk": 69, "fields": {"name": "Can add secondt range of unit values", "content_type": 18, "codename": "add_secondtrangeofunitvalues"}}, {"model": "auth.permission", "pk": 70, "fields": {"name": "Can change secondt range of unit values", "content_type": 18, "codename": "change_secondtrangeofunitvalues"}}, {"model": "auth.permission", "pk": 71, "fields": {"name": "Can delete secondt range of unit values", "content_type": 18, "codename": "delete_secondtrangeofunitvalues"}}, {"model": "auth.permission", "pk": 72, "fields": {"name": "Can view secondt range of unit values", "content_type": 18, "codename": "view_secondtrangeofunitvalues"}}, {"model": "auth.permission", "pk": 73, "fields": {"name": "Can add due date for fine", "content_type": 19, "codename": "add_duedateforfine"}}, {"model": "auth.permission", "pk": 74, "fields": {"name": "Can change due date for fine", "content_type": 19, "codename": "change_duedateforfine"}}, {"model": "auth.permission", "pk": 75, "fields": {"name": "Can delete due date for fine", "content_type": 19, "codename": "delete_duedateforfine"}}, {"model": "auth.permission", "pk": 76, "fields": {"name": "Can view due date for fine", "content_type": 19, "codename": "view_duedateforfine"}}, {"model": "auth.permission", "pk": 77, "fields": {"name": "Can add first range of unit value", "content_type": 17, "codename": "add_firstrangeofunitvalue"}}, {"model": "auth.permission", "pk": 78, "fields": {"name": "Can change first range of unit value", "content_type": 17, "codename": "change_firstrangeofunitvalue"}}, {"model": "auth.permission", "pk": 79, "fields": {"name": "Can delete first range of unit value", "content_type": 17, "codename": "delete_firstrangeofunitvalue"}}, {"model": "auth.permission", "pk": 80, "fields": {"name": "Can view first range of unit value", "content_type": 17, "codename": "view_firstrangeofunitvalue"}}, {"model": "auth.permission", "pk": 81, "fields": {"name": "Can add fouth range of unit value", "content_type": 16, "codename": "add_fouthrangeofunitvalue"}}, {"model": "auth.permission", "pk": 82, "fields": {"name": "Can change fouth range of unit value", "content_type": 16, "codename": "change_fouthrangeofunitvalue"}}, {"model": "auth.permission", "pk": 83, "fields": {"name": "Can delete fouth range of unit value", "content_type": 16, "codename": "delete_fouthrangeofunitvalue"}}, {"model": "auth.permission", "pk": 84, "fields": {"name": "Can view fouth range of unit value", "content_type": 16, "codename": "view_fouthrangeofunitvalue"}}, {"model": "auth.permission", "pk": 85, "fields": {"name": "Can add second range of unit value", "content_type": 15, "codename": "add_secondrangeofunitvalue"}}, {"model": "auth.permission", "pk": 86, "fields": {"name": "Can change second range of unit value", "content_type": 15, "codename": "change_secondrangeofunitvalue"}}, {"model": "auth.permission", "pk": 87, "fields": {"name": "Can delete second range of unit value", "content_type": 15, "codename": "delete_secondrangeofunitvalue"}}, {"model": "auth.permission", "pk": 88, "fields": {"name": "Can view second range of unit value", "content_type": 15, "codename": "view_secondrangeofunitvalue"}}, {"model": "auth.permission", "pk": 89, "fields": {"name": "Can add third range of unit value", "content_type": 18, "codename": "add_thirdrangeofunitvalue"}}, {"model": "auth.permission", "pk": 90, "fields": {"name": "Can change third range of unit value", "content_type": 18, "codename": "change_thirdrangeofunitvalue"}}, {"model": "auth.permission", "pk": 91, "fields": {"name": "Can delete third range of unit value", "content_type": 18, "codename": "delete_thirdrangeofunitvalue"}}, {"model": "auth.permission", "pk": 92, "fields": {"name": "Can view third range of unit value", "content_type": 18, "codename": "view_thirdrangeofunitvalue"}}, {"model": "contenttypes.contenttype", "pk": 1, "fields": {"app_label": "admin", "model": "logentry"}}, {"model": "contenttypes.contenttype", "pk": 2, "fields": {"app_label": "auth", "model": "permission"}}, {"model": "contenttypes.contenttype", "pk": 3, "fields": {"app_label": "auth", "model": "group"}}, {"model": "contenttypes.contenttype", "pk": 4, "fields": {"app_label": "contenttypes", "model": "contenttype"}}, {"model": "contenttypes.contenttype", "pk": 5, "fields": {"app_label": "sessions", "model": "session"}}, {"model": "contenttypes.contenttype", "pk": 6, "fields": {"app_label": "Users", "model": "customuser"}}, {"model": "contenttypes.contenttype", "pk": 7, "fields": {"app_label": "Bills", "model": "meter"}}, {"model": "contenttypes.contenttype", "pk": 8, "fields": {"app_label": "Bills", "model": "calculatedbill"}}, {"model": "contenttypes.contenttype", "pk": 9, "fields": {"app_label": "Area", "model": "block"}}, {"model": "contenttypes.contenttype", "pk": 10, "fields": {"app_label": "Area", "model": "area"}}, {"model": "contenttypes.contenttype", "pk": 11, "fields": {"app_label": "UnitsRate", "model": "commercialunitrates"}}, {"model": "contenttypes.contenttype", "pk": 12, "fields": {"app_label": "UnitsRate", "model": "fineafterduedate"}}, {"model": "contenttypes.contenttype", "pk": 13, "fields": {"app_label": "UnitsRate", "model": "miscellaneouscharges"}}, {"model": "contenttypes.contenttype", "pk": 14, "fields": {"app_label": "UnitsRate", "model": "residentialunitrates"}}, {"model": "contenttypes.contenttype", "pk": 15, "fields": {"app_label": "UnitsRate", "model": "secondrangeofunitvalue"}}, {"model": "contenttypes.contenttype", "pk": 16, "fields": {"app_label": "UnitsRate", "model": "fouthrangeofunitvalue"}}, {"model": "contenttypes.contenttype", "pk": 17, "fields": {"app_label": "UnitsRate", "model": "firstrangeofunitvalue"}}, {"model": "contenttypes.contenttype", "pk": 18, "fields": {"app_label": "UnitsRate", "model": "thirdrangeofunitvalue"}}, {"model": "contenttypes.contenttype", "pk": 19, "fields": {"app_label": "UnitsRate", "model": "duedateforfine"}}, {"model": "sessions.session", "pk": "1xwwmvpvju35dhlo6bwd32vnsgruxx3r", "fields": {"session_data": ".eJxVjMsKwjAQAP8lZwkpeXv07jeE3ezGVCWFpj0V_10CPeh1ZphDJNi3mvbOa5pJXMUkLr8MIb-4DUFPaI9F5qVt64xyJPK0Xd4X4vftbP8GFXodWzTMwGXK2iuvsweCyOgUlaCstgyApviAGV0sNgbnibRymoxhgyg-XxMKOPU:1qkX4e:8rH5nh_i3J2NgTi06xU-jWqQgdSLMA0az8a0mgbhgew", "expire_date": "2023-10-08T21:55:32.480Z"}}, {"model": "sessions.session", "pk": "271ugjjvkhxqf59oxaw13lqy8i73zb2m", "fields": {"session_data": ".eJxVjMsKwjAQAP8lZwkpeXv07jeE3ezGVCWFpj0V_10CPeh1ZphDJNi3mvbOa5pJXMUkLr8MIb-4DUFPaI9F5qVt64xyJPK0Xd4X4vftbP8GFXodWzTMwGXK2iuvsweCyOgUlaCstgyApviAGV0sNgbnibRymoxhgyg-XxMKOPU:1qkY9g:82355RAR1OD8iqd9-077maS4e1jF7Yd-uP1rTxxJT_I", "expire_date": "2023-10-08T23:04:48.210Z"}}, {"model": "sessions.session", "pk": "96whpkpzs2mg9o1n8nhsyeyxls32tqhj", "fields": {"session_data": ".eJxVjEEOwiAQAP_C2ZACS7v16L1vILuwlaqBpLQn499Nkx70OjOZtwq0bznsTdawJHVVVl1-GVN8SjlEelC5Vx1r2daF9ZHo0zY91SSv29n-DTK1fGwJR3AM3hnwo5EhxR6wo953BAhibW8Gg95GmqNDYElzBGGPaCzPg_p8AbZzN0Y:1qfdba:CHe-9-Ckog25V0Q9_zpdLos6_K9y3d8y-uQV-2yeF8M", "expire_date": "2023-09-25T09:53:18.553Z"}}, {"model": "sessions.session", "pk": "an3kps8x3val6rr8eb2vwbofkuz2hfam", "fields": {"session_data": ".eJxVjEEOwiAQAP_C2ZACS7v16L1vILuwlaqBpLQn499Nkx70OjOZtwq0bznsTdawJHVVVl1-GVN8SjlEelC5Vx1r2daF9ZHo0zY91SSv29n-DTK1fGwJR3AM3hnwo5EhxR6wo953BAhibW8Gg95GmqNDYElzBGGPaCzPg_p8AbZzN0Y:1qkY24:oBgyBDlP3sPK_cHk3rku6mBwZlGHRuDaWO8mq1hyM00", "expire_date": "2023-10-08T22:56:56.959Z"}}, {"model": "sessions.session", "pk": "bp0strqelq0qs1e14sk9mykoskp5gyzh", "fields": {"session_data": ".eJxVjMsKwjAQAP8lZwkpeXv07jeE3ezGVCWFpj0V_10CPeh1ZphDJNi3mvbOa5pJXMUkLr8MIb-4DUFPaI9F5qVt64xyJPK0Xd4X4vftbP8GFXodWzTMwGXK2iuvsweCyOgUlaCstgyApviAGV0sNgbnibRymoxhgyg-XxMKOPU:1qkxfy:_MFhZVQwRLQtW0TXDKpOKte78stngD1A-uXLUUQjjgw", "expire_date": "2023-10-10T02:19:50.151Z"}}, {"model": "sessions.session", "pk": "bpfkmsbacpy9u3z9hcgb524b4t24lghm", "fields": {"session_data": ".eJxVjEEOwiAQAP_C2ZACS7v16L1vILuwlaqBpLQn499Nkx70OjOZtwq0bznsTdawJHVVVl1-GVN8SjlEelC5Vx1r2daF9ZHo0zY91SSv29n-DTK1fGwJR3AM3hnwo5EhxR6wo953BAhibW8Gg95GmqNDYElzBGGPaCzPg_p8AbZzN0Y:1qg8Lv:Tmo2LOnbFVZ-UabozJ55XzBU2wCj0KXvocKw74LTIp0", "expire_date": "2023-09-26T18:43:11.130Z"}}, {"model": "sessions.session", "pk": "cb7gi3hy1z8v073s5yoy1r9w1yjbn9id", "fields": {"session_data": ".eJxVjEEOwiAQAP_C2ZACS7v16L1vILuwlaqBpLQn499Nkx70OjOZtwq0bznsTdawJHVVVl1-GVN8SjlEelC5Vx1r2daF9ZHo0zY91SSv29n-DTK1fGwJR3AM3hnwo5EhxR6wo953BAhibW8Gg95GmqNDYElzBGGPaCzPg_p8AbZzN0Y:1qjn7C:2lc4mjZzvCiOBhCILEeEIVlruX5aQL-QGCMbcoowu4A", "expire_date": "2023-10-06T20:51:06.030Z"}}, {"model": "sessions.session", "pk": "fdgtrwq61k122ncjrou4cbtlasfr8t3q", "fields": {"session_data": ".eJxVjMsKwjAQAP8lZwkpeXv07jeE3ezGVCWFpj0V_10CPeh1ZphDJNi3mvbOa5pJXMUkLr8MIb-4DUFPaI9F5qVt64xyJPK0Xd4X4vftbP8GFXodWzTMwGXK2iuvsweCyOgUlaCstgyApviAGV0sNgbnibRymoxhgyg-XxMKOPU:1qklEE:JRx97qBGjJSk-me_60tonn7i0VhfbtePZ2AQ91rojCc", "expire_date": "2023-10-09T13:02:22.638Z"}}, {"model": "sessions.session", "pk": "kugqpsddegpwtbobs3zlzyqhmbiubwym", "fields": {"session_data": ".eJxVjEEOwiAQAP_C2ZACS7v16L1vILuwlaqBpLQn499Nkx70OjOZtwq0bznsTdawJHVVVl1-GVN8SjlEelC5Vx1r2daF9ZHo0zY91SSv29n-DTK1fGwJR3AM3hnwo5EhxR6wo953BAhibW8Gg95GmqNDYElzBGGPaCzPg_p8AbZzN0Y:1qgiYu:dOyC6pm1UPS31R4H_acLny6vymQyqGLWm-ZGWupPalU", "expire_date": "2023-09-28T09:23:00.709Z"}}, {"model": "sessions.session", "pk": "mxkn73u09bngao1r8b6gnsd4pk79uo97", "fields": {"session_data": ".eJxVjEEOwiAQAP_C2ZACS7v16L1vILuwlaqBpLQn499Nkx70OjOZtwq0bznsTdawJHVVVl1-GVN8SjlEelC5Vx1r2daF9ZHo0zY91SSv29n-DTK1fGwJR3AM3hnwo5EhxR6wo953BAhibW8Gg95GmqNDYElzBGGPaCzPg_p8AbZzN0Y:1qeAaY:PRbW1unltTfCJheaQGKluomIWMLXPb0P736uyZ8naRk", "expire_date": "2023-09-21T08:42:10.067Z"}}, {"model": "sessions.session", "pk": "pah6dpipazpemgqy6pc2267wx3ageeac", "fields": {"session_data": ".eJxVjEEOwiAQRe_C2pBCOwy4dN8zkGGgUjWQlHZlvLtt0oVu_3vvv4Wnbc1-a2nxcxRXocXldwvEz1QOEB9U7lVyLesyB3ko8qRNjjWm1-10_w4ytbzXFpDRTdEF6AdCUC5YBRYHBkqW2aHRCGwddLsSFStOOBnSvQkGOxCfL84VNz0:1qpWsz:uu8dx4sB34_BN6wF7iI2Oy0L0PU5AX6A3Yh7g8tm6Gg", "expire_date": "2023-10-22T16:44:09.994Z"}}, {"model": "sessions.session", "pk": "txsuf1cx9l4f4uf5q33cu5k01w1js3bg", "fields": {"session_data": ".eJxVjE0OwiAYBe_C2hAqfFBcuu8ZyONPqgaS0q6Md9cmXej2zcx7MYdtLW7raXFzZBc2sNPv5hEeqe4g3lFvjYdW12X2fFf4QTufWkzP6-H-HRT08q21FULaQCIopUU0EjLakDKRVUQAtFFZkzljiMA4kqVsLAmDJDy8Z-8PxWU3pw:1qpVGg:QvQhWbCgsidq2B17O6DoBWZLDuIbkTa1GUbED--ljrA", "expire_date": "2023-10-22T15:00:30.270Z"}}, {"model": "sessions.session", "pk": "ucfz4ho4ghpuppladja1e63ua6v64lui", "fields": {"session_data": ".eJxVjEEOwiAQAP_C2ZACS7v16L1vILuwlaqBpLQn499Nkx70OjOZtwq0bznsTdawJHVVVl1-GVN8SjlEelC5Vx1r2daF9ZHo0zY91SSv29n-DTK1fGwJR3AM3hnwo5EhxR6wo953BAhibW8Gg95GmqNDYElzBGGPaCzPg_p8AbZzN0Y:1qjmMK:tFeXW_VesD8XmxUZFTbq-AjYBX7apOie01SqFXJpFNs", "expire_date": "2023-10-06T20:02:40.484Z"}}, {"model": "sessions.session", "pk": "z6uhf3uyrca3ckwww5cggsww6xccdhpf", "fields": {"session_data": ".eJxVjMsKwjAQAP8lZwkpeXv07jeE3ezGVCWFpj0V_10CPeh1ZphDJNi3mvbOa5pJXMUkLr8MIb-4DUFPaI9F5qVt64xyJPK0Xd4X4vftbP8GFXodWzTMwGXK2iuvsweCyOgUlaCstgyApviAGV0sNgbnibRymoxhgyg-XxMKOPU:1qmvsK:6MtKnUY68fYU4FxfLLnPvxr7-RkvIRQ6tZlsVJB7xcI", "expire_date": "2023-10-15T12:48:44.393Z"}}, {"model": "sessions.session", "pk": "zjnv4afkjd95j5xhbb42snp8vvvj6lpd", "fields": {"session_data": ".eJxVjEEOwiAQAP_C2ZACS7v16L1vILuwlaqBpLQn499Nkx70OjOZtwq0bznsTdawJHVVVl1-GVN8SjlEelC5Vx1r2daF9ZHo0zY91SSv29n-DTK1fGwJR3AM3hnwo5EhxR6wo953BAhibW8Gg95GmqNDYElzBGGPaCzPg_p8AbZzN0Y:1qeh5A:hNTDPXK-uWbfVDq9eePR01417NeRZInFHtWNvCklUSw", "expire_date": "2023-09-22T19:23:56.639Z"}}, {"model": "Users.customuser", "pk": 1, "fields": {"password": "pbkdf2_sha256$260000$kVQPzA1z55uoTkDVKJoWGW$kSkOVvVvM2qW4XzgV4u/lx9u3E6DaDwIU5iwDIYOGv0=", "last_login": "2023-10-08T15:00:30.268Z", "is_superuser": true, "email": "abc@gmail.com", "username": "Zia", "role": "Admin", "first_name": "", "last_name": "", "date_joined": "2023-09-02T20:00:47.317Z", "is_active": true, "is_staff": true, "groups": [], "user_permissions": []}}, {"model": "Users.customuser", "pk": 2, "fields": {"password": "pbkdf2_sha256$260000$1fVPu9LdCutOybI8evQOB9$XOs0DIa7Jf9YaX5d5u9LAyoUS4lC+StAEqiel2zekQI=", "last_login": "2023-10-08T16:44:09.992Z", "is_superuser": false, "email": "testmanager@gmail.com", "username": "testmanager", "role": "Manager", "first_name": "", "last_name": "", "date_joined": "2023-09-02T20:02:35.631Z", "is_active": true, "is_staff": false, "groups": [], "user_permissions": []}}, {"model": "Users.customuser", "pk": 3, "fields": {"password": "pbkdf2_sha256$260000$C8UL5xTQXVlFdVuhKrpStA$FijackEo13OmOuv30GLH2Y9vZonb0wJSdOtiikCzhJM=", "last_login": "2023-10-08T15:11:26.781Z", "is_superuser": false, "email": "malikali9376@gmail.com", "username": "malik", "role": "Meter Reader", "first_name": "", "last_name": "", "date_joined": "2023-09-02T20:02:50.047Z", "is_active": true, "is_staff": false, "groups": [], "user_permissions": []}}, {"model": "Users.customuser", "pk": 4, "fields": {"password": "pbkdf2_sha256$260000$48WynLbytPSkYjAg64YOtc$7LjnOayRb8htVEJD6XGt3KJWhAeraN7ziiSWUS3/+Q0=", "last_login": null, "is_superuser": false, "email": "testmanager2@gmail.com", "username": "testmanager2", "role": "Manager", "first_name": "", "last_name": "", "date_joined": "2023-09-24T22:29:40.718Z", "is_active": true, "is_staff": false, "groups": [], "user_permissions": []}}, {"model": "Bills.meter", "pk": 1, "fields": {"created_at": "2023-09-02T20:03:34.582Z", "updated_at": "2023-09-02T20:03:34.582Z", "house": 1, "meter_id": "123456", "meter_owner": "Malik ALi", "meter_type": "electricity"}}, {"model": "Bills.meter", "pk": 2, "fields": {"created_at": "2023-09-03T13:11:42.568Z", "updated_at": "2023-09-03T13:11:42.568Z", "house": 2, "meter_id": "12345678", "meter_owner": "aslam", "meter_type": "electricity"}}, {"model": "Bills.meter", "pk": 3, "fields": {"created_at": "2023-09-03T13:15:15.404Z", "updated_at": "2023-09-03T13:15:15.404Z", "house": 3, "meter_id": "12345678", "meter_owner": "Muhamad Aslam", "meter_type": "electricity"}}, {"model": "Bills.meter", "pk": 4, "fields": {"created_at": "2023-09-04T05:07:05.487Z", "updated_at": "2023-09-04T05:07:05.487Z", "house": 4, "meter_id": "098", "meter_owner": "saaad", "meter_type": "electricity"}}, {"model": "Bills.meter", "pk": 5, "fields": {"created_at": "2023-09-07T17:45:59.641Z", "updated_at": "2023-09-07T17:45:59.641Z", "house": 5, "meter_id": "654", "meter_owner": "mobi", "meter_type": "electricity"}}, {"model": "Bills.meter", "pk": 6, "fields": {"created_at": "2023-09-08T19:22:57.451Z", "updated_at": "2023-09-08T19:22:57.451Z", "house": 6, "meter_id": "007", "meter_owner": "bilal", "meter_type": "electricity"}}, {"model": "Bills.meter", "pk": 7, "fields": {"created_at": "2023-09-22T21:36:09.427Z", "updated_at": "2023-09-22T21:36:09.427Z", "house": 7, "meter_id": "12345678", "meter_owner": "Muhamad Aslam", "meter_type": "electricity"}}, {"model": "Bills.meter", "pk": 8, "fields": {"created_at": "2023-09-22T21:37:37.218Z", "updated_at": "2023-09-22T21:37:37.218Z", "house": 8, "meter_id": "12345678", "meter_owner": "Muhamad Aslam", "meter_type": "electricity"}}, {"model": "Bills.meter", "pk": 9, "fields": {"created_at": "2023-09-22T21:37:42.639Z", "updated_at": "2023-09-22T21:37:42.639Z", "house": 9, "meter_id": "12345678", "meter_owner": "Muhamad Aslam", "meter_type": "electricity"}}, {"model": "Bills.meter", "pk": 10, "fields": {"created_at": "2023-09-22T21:38:20.359Z", "updated_at": "2023-09-22T21:38:20.359Z", "house": 10, "meter_id": "12345678", "meter_owner": "Muhamad Aslam", "meter_type": "electricity"}}, {"model": "Bills.meter", "pk": 11, "fields": {"created_at": "2023-09-22T21:50:22.946Z", "updated_at": "2023-09-22T21:50:22.946Z", "house": 11, "meter_id": "12345678", "meter_owner": "Muhamad Aslam", "meter_type": "electricity"}}, {"model": "Bills.meter", "pk": 12, "fields": {"created_at": "2023-09-22T21:50:59.358Z", "updated_at": "2023-09-22T21:50:59.358Z", "house": 12, "meter_id": "12345678", "meter_owner": "Muhamad Aslam", "meter_type": "electricity"}}, {"model": "Bills.meter", "pk": 13, "fields": {"created_at": "2023-09-22T21:51:21.958Z", "updated_at": "2023-09-22T21:51:21.958Z", "house": 13, "meter_id": "12345678", "meter_owner": "Muhamad Aslam", "meter_type": "electricity"}}, {"model": "Bills.meter", "pk": 14, "fields": {"created_at": "2023-09-22T21:52:53.270Z", "updated_at": "2023-09-22T21:52:53.270Z", "house": 14, "meter_id": "12345678", "meter_owner": "Muhamad Aslam", "meter_type": "electricity"}}, {"model": "Bills.meter", "pk": 15, "fields": {"created_at": "2023-09-24T22:24:23.663Z", "updated_at": "2023-09-24T22:24:23.663Z", "house": 15, "meter_id": "12345678", "meter_owner": "Muhamad Aslam", "meter_type": "electricity"}}, {"model": "Bills.meter", "pk": 16, "fields": {"created_at": "2023-09-24T22:27:24.267Z", "updated_at": "2023-09-24T22:27:24.267Z", "house": 16, "meter_id": "12345678", "meter_owner": "Muhamad Aslam", "meter_type": "electricity"}}, {"model": "Bills.meter", "pk": 17, "fields": {"created_at": "2023-10-08T14:02:48.281Z", "updated_at": "2023-10-08T14:02:48.281Z", "house": 17, "meter_id": "123", "meter_owner": "Malik Husain", "meter_type": "electricity"}}, {"model": "Bills.calculatedbill", "pk": 1, "fields": {"created_at": "2023-09-02T20:03:34.585Z", "updated_at": "2023-09-03T15:34:03.165Z", "meter": 1, "bill_id": "123456", "bill_total_amount": "0.00", "bill_reading_img": "images/360_F_526665446_z51DM27QvvoMZ9Gkyx9gr5mkjSOmjswR_CpAmLPb.jpeg", "bill_reading": "3000", "bill_status": "Paid", "payment_recieved": "0.00", "units_consumed": null, "remaing_dues": "0.00"}}, {"model": "Bills.calculatedbill", "pk": 8, "fields": {"created_at": "2023-08-02T21:07:27.997Z", "updated_at": "2023-09-03T15:34:03.168Z", "meter": 1, "bill_id": "123456", "bill_total_amount": "151500.00", "bill_reading_img": "images/23672a42941b0b322c989513746beb298f695ae1_hgE7XlL.webp", "bill_reading": "3500", "bill_status": "Paid", "payment_recieved": "0.00", "units_consumed": "1500", "remaing_dues": "0.00"}}, {"model": "Bills.calculatedbill", "pk": 9, "fields": {"created_at": "2023-09-02T21:15:22.378Z", "updated_at": "2023-09-03T15:34:03.169Z", "meter": 1, "bill_id": "123456", "bill_total_amount": "303000.00", "bill_reading_img": "images/14450588_OlCBrAb.jpg", "bill_reading": "4000", "bill_status": "Paid", "payment_recieved": "0.00", "units_consumed": "500", "remaing_dues": "0.00"}}, {"model": "Bills.calculatedbill", "pk": 10, "fields": {"created_at": "2023-09-03T13:11:42.572Z", "updated_at": "2023-09-24T23:04:16.596Z", "meter": 2, "bill_id": "12345678", "bill_total_amount": "0.00", "bill_reading_img": "images/178-1788431_mobile-app-automation-testing-icon_kQBdz0Y.ico", "bill_reading": "2000", "bill_status": "ipaid", "payment_recieved": "0.00", "units_consumed": null, "remaing_dues": "0.00"}}, {"model": "Bills.calculatedbill", "pk": 11, "fields": {"created_at": "2023-09-03T13:15:15.408Z", "updated_at": "2023-09-03T13:15:15.408Z", "meter": 3, "bill_id": "12345678", "bill_total_amount": "0.00", "bill_reading_img": "images/360_F_526665446_z51DM27QvvoMZ9Gkyx9gr5mkjSOmjswR_3aFf7Dh.jpeg", "bill_reading": "3000", "bill_status": "Paid", "payment_recieved": "0.00", "units_consumed": null, "remaing_dues": "0.00"}}, {"model": "Bills.calculatedbill", "pk": 12, "fields": {"created_at": "2023-08-03T14:02:31.151Z", "updated_at": "2023-09-25T13:02:07.670Z", "meter": 1, "bill_id": "123456", "bill_total_amount": "301500.00", "bill_reading_img": "images/404-error_inOxnHH.gif", "bill_reading": "5000", "bill_status": "ipaid", "payment_recieved": "0.00", "units_consumed": "1000", "remaing_dues": "0.00"}}, {"model": "Bills.calculatedbill", "pk": 13, "fields": {"created_at": "2023-06-04T05:07:05.491Z", "updated_at": "2023-09-25T22:45:36.925Z", "meter": 4, "bill_id": "098", "bill_total_amount": "0.00", "bill_reading_img": "images/178-1788431_mobile-app-automation-testing-icon_phhCMPO.ico", "bill_reading": "100", "bill_status": "Paid", "payment_recieved": "0.00", "units_consumed": null, "remaing_dues": "0.00"}}, {"model": "Bills.calculatedbill", "pk": 14, "fields": {"created_at": "2023-07-04T05:07:43.825Z", "updated_at": "2023-09-25T22:45:36.927Z", "meter": 4, "bill_id": "098", "bill_total_amount": "11500.00", "bill_reading_img": "", "bill_reading": "200", "bill_status": "Paid", "payment_recieved": "0.00", "units_consumed": "100", "remaing_dues": "0.00"}}, {"model": "Bills.calculatedbill", "pk": 15, "fields": {"created_at": "2023-09-05T11:01:30.230Z", "updated_at": "2023-09-24T23:04:16.598Z", "meter": 2, "bill_id": "12345678", "bill_total_amount": "1981500.00", "bill_reading_img": "images/404-error_ECWJddF.gif", "bill_reading": "6000", "bill_status": "ipaid", "payment_recieved": "0.00", "units_consumed": "4000", "remaing_dues": "0.00"}}, {"model": "Bills.calculatedbill", "pk": 16, "fields": {"created_at": "2023-09-07T17:45:59.643Z", "updated_at": "2023-09-24T22:52:38.089Z", "meter": 5, "bill_id": "654", "bill_total_amount": "0.00", "bill_reading_img": "images/178-1788431_mobile-app-automation-testing-icon.png", "bill_reading": "1000", "bill_status": "ipaid", "payment_recieved": "0.00", "units_consumed": null, "remaing_dues": "102000.00"}}, {"model": "Bills.calculatedbill", "pk": 17, "fields": {"created_at": "2023-09-07T17:48:14.547Z", "updated_at": "2023-09-24T22:52:38.134Z", "meter": 5, "bill_id": "654", "bill_total_amount": "41500.00", "bill_reading_img": "images/178-1788431_mobile-app-automation-testing-icon_AT4qjBj.png", "bill_reading": "1200", "bill_status": "ipaid", "payment_recieved": "0.00", "units_consumed": "200", "remaing_dues": "102000.00"}}, {"model": "Bills.calculatedbill", "pk": 18, "fields": {"created_at": "2023-09-08T19:22:57.452Z", "updated_at": "2023-09-25T23:58:35.650Z", "meter": 6, "bill_id": "007", "bill_total_amount": "0.00", "bill_reading_img": "images/178-1788431_mobile-app-automation-testing-icon_q3lMR1z.ico", "bill_reading": "1000", "bill_status": "paid", "payment_recieved": "0.00", "units_consumed": null, "remaing_dues": "0.00"}}, {"model": "Bills.calculatedbill", "pk": 19, "fields": {"created_at": "2023-09-08T19:23:47.089Z", "updated_at": "2023-09-25T23:58:34.238Z", "meter": 6, "bill_id": "007", "bill_total_amount": "41500.00", "bill_reading_img": "images/bill.jpeg", "bill_reading": "1200", "bill_status": "paid", "payment_recieved": "0.00", "units_consumed": "200", "remaing_dues": "0.00"}}, {"model": "Bills.calculatedbill", "pk": 20, "fields": {"created_at": "2023-09-12T18:43:04.392Z", "updated_at": "2023-09-24T22:52:38.136Z", "meter": 5, "bill_id": "654", "bill_total_amount": "61500.00", "bill_reading_img": "images/404-error_CHnRffA.gif", "bill_reading": "1500", "bill_status": "ipaid", "payment_recieved": "0.00", "units_consumed": "300", "remaing_dues": "102000.00"}}, {"model": "Bills.calculatedbill", "pk": 21, "fields": {"created_at": "2023-09-22T20:02:34.067Z", "updated_at": "2023-09-25T22:45:36.928Z", "meter": 4, "bill_id": "098", "bill_total_amount": "593000.00", "bill_reading_img": "images/23672a42941b0b322c989513746beb298f695ae1_5CHowoh.webp", "bill_reading": "6000", "bill_status": "Paid", "payment_recieved": "0.00", "units_consumed": "5800", "remaing_dues": "0.00"}}, {"model": "Bills.calculatedbill", "pk": 22, "fields": {"created_at": "2023-09-22T20:21:01.230Z", "updated_at": "2023-09-25T23:58:32.510Z", "meter": 6, "bill_id": "007", "bill_total_amount": "3000.00", "bill_reading_img": "images/23672a42941b0b322c989513746beb298f695ae1_s1J8Mbs.webp", "bill_reading": "1000", "bill_status": "paid", "payment_recieved": "0.00", "units_consumed": "-200", "remaing_dues": "0.00"}}, {"model": "Bills.calculatedbill", "pk": 23, "fields": {"created_at": "2023-09-22T20:29:03.940Z", "updated_at": "2023-09-24T22:52:38.138Z", "meter": 5, "bill_id": "654", "bill_total_amount": "113000.00", "bill_reading_img": "images/23672a42941b0b322c989513746beb298f695ae1_NVZcuCn.webp", "bill_reading": "2000", "bill_status": "ipaid", "payment_recieved": "0.00", "units_consumed": "500", "remaing_dues": "102000.00"}}, {"model": "Bills.calculatedbill", "pk": 24, "fields": {"created_at": "2023-09-22T20:30:27.808Z", "updated_at": "2023-09-25T22:45:36.929Z", "meter": 4, "bill_id": "098", "bill_total_amount": "214500.00", "bill_reading_img": "images/404-error_AERvlOf.gif", "bill_reading": "2200", "bill_status": "Paid", "payment_recieved": "0.00", "units_consumed": "-3800", "remaing_dues": "0.00"}}, {"model": "Bills.calculatedbill", "pk": 25, "fields": {"created_at": "2023-09-22T20:31:41.640Z", "updated_at": "2023-09-25T22:45:36.930Z", "meter": 4, "bill_id": "098", "bill_total_amount": "226000.00", "bill_reading_img": "images/23672a42941b0b322c989513746beb298f695ae1_38Tuuar.webp", "bill_reading": "2300", "bill_status": "Paid", "payment_recieved": "0.00", "units_consumed": "100", "remaing_dues": "0.00"}}, {"model": "Bills.calculatedbill", "pk": 26, "fields": {"created_at": "2023-09-22T20:42:03.010Z", "updated_at": "2023-09-25T22:47:18.888Z", "meter": 4, "bill_id": "098", "bill_total_amount": "247500.00", "bill_reading_img": "images/404-error_aaDJsVL.gif", "bill_reading": "2500", "bill_status": "paid", "payment_recieved": "0.00", "units_consumed": "200", "remaing_dues": "0.00"}}, {"model": "Bills.calculatedbill", "pk": 27, "fields": {"created_at": "2023-09-22T20:43:19.549Z", "updated_at": "2023-09-25T22:45:36.932Z", "meter": 4, "bill_id": "098", "bill_total_amount": "259000.00", "bill_reading_img": "images/23672a42941b0b322c989513746beb298f695ae1_R1T2BYk.webp", "bill_reading": "2600", "bill_status": "Paid", "payment_recieved": "0.00", "units_consumed": "100", "remaing_dues": "0.00"}}, {"model": "Bills.calculatedbill", "pk": 28, "fields": {"created_at": "2023-09-22T20:48:04.703Z", "updated_at": "2023-09-25T22:45:36.879Z", "meter": 4, "bill_id": "098", "bill_total_amount": "260500.00", "bill_reading_img": "images/29002282_wfjpFAO.jpg", "bill_reading": "2600", "bill_status": "ipaid", "payment_recieved": "0.00", "units_consumed": "0", "remaing_dues": "500.00"}}, {"model": "Bills.calculatedbill", "pk": 29, "fields": {"created_at": "2023-09-22T21:36:09.428Z", "updated_at": "2023-09-22T21:36:09.428Z", "meter": 7, "bill_id": "12345678", "bill_total_amount": "0.00", "bill_reading_img": "images/23672a42941b0b322c989513746beb298f695ae1_l9gF6nr.webp", "bill_reading": "1000", "bill_status": "Paid", "payment_recieved": "0.00", "units_consumed": null, "remaing_dues": "0.00"}}, {"model": "Bills.calculatedbill", "pk": 30, "fields": {"created_at": "2023-09-22T21:37:37.220Z", "updated_at": "2023-09-22T21:37:37.220Z", "meter": 8, "bill_id": "12345678", "bill_total_amount": "0.00", "bill_reading_img": "images/23672a42941b0b322c989513746beb298f695ae1_Ia64qE2.webp", "bill_reading": "1000", "bill_status": "Paid", "payment_recieved": "0.00", "units_consumed": null, "remaing_dues": "0.00"}}, {"model": "Bills.calculatedbill", "pk": 31, "fields": {"created_at": "2023-09-22T21:37:42.641Z", "updated_at": "2023-09-22T21:37:42.641Z", "meter": 9, "bill_id": "12345678", "bill_total_amount": "0.00", "bill_reading_img": "images/23672a42941b0b322c989513746beb298f695ae1_IHFu9Nv.webp", "bill_reading": "1000", "bill_status": "Paid", "payment_recieved": "0.00", "units_consumed": null, "remaing_dues": "0.00"}}, {"model": "Bills.calculatedbill", "pk": 32, "fields": {"created_at": "2023-09-22T21:38:20.361Z", "updated_at": "2023-09-22T21:38:20.361Z", "meter": 10, "bill_id": "12345678", "bill_total_amount": "0.00", "bill_reading_img": "images/23672a42941b0b322c989513746beb298f695ae1_CKJX0sn.webp", "bill_reading": "1000", "bill_status": "Paid", "payment_recieved": "0.00", "units_consumed": null, "remaing_dues": "0.00"}}, {"model": "Bills.calculatedbill", "pk": 33, "fields": {"created_at": "2023-09-22T21:50:22.947Z", "updated_at": "2023-09-22T21:50:22.947Z", "meter": 11, "bill_id": "12345678", "bill_total_amount": "0.00", "bill_reading_img": "images/23672a42941b0b322c989513746beb298f695ae1_fGZK45j.webp", "bill_reading": "1000", "bill_status": "Paid", "payment_recieved": "0.00", "units_consumed": null, "remaing_dues": "0.00"}}, {"model": "Bills.calculatedbill", "pk": 34, "fields": {"created_at": "2023-09-22T21:50:59.359Z", "updated_at": "2023-09-22T21:50:59.359Z", "meter": 12, "bill_id": "12345678", "bill_total_amount": "0.00", "bill_reading_img": "images/23672a42941b0b322c989513746beb298f695ae1_bBs3u6Q.webp", "bill_reading": "1000", "bill_status": "Paid", "payment_recieved": "0.00", "units_consumed": null, "remaing_dues": "0.00"}}, {"model": "Bills.calculatedbill", "pk": 35, "fields": {"created_at": "2023-09-22T21:51:21.959Z", "updated_at": "2023-09-22T21:51:21.959Z", "meter": 13, "bill_id": "12345678", "bill_total_amount": "0.00", "bill_reading_img": "images/23672a42941b0b322c989513746beb298f695ae1_u1LVz8u.webp", "bill_reading": "1000", "bill_status": "Paid", "payment_recieved": "0.00", "units_consumed": null, "remaing_dues": "0.00"}}, {"model": "Bills.calculatedbill", "pk": 36, "fields": {"created_at": "2023-09-22T21:52:53.272Z", "updated_at": "2023-09-22T21:52:53.272Z", "meter": 14, "bill_id": "12345678", "bill_total_amount": "0.00", "bill_reading_img": "images/23672a42941b0b322c989513746beb298f695ae1_cZwWv6C.webp", "bill_reading": "1000", "bill_status": "Paid", "payment_recieved": "0.00", "units_consumed": null, "remaing_dues": "0.00"}}, {"model": "Bills.calculatedbill", "pk": 37, "fields": {"created_at": "2023-09-24T22:24:23.668Z", "updated_at": "2023-09-24T22:24:23.668Z", "meter": 15, "bill_id": "12345678", "bill_total_amount": "0.00", "bill_reading_img": "images/23672a42941b0b322c989513746beb298f695ae1_uhtzQs7.webp", "bill_reading": "100", "bill_status": "Paid", "payment_recieved": "0.00", "units_consumed": null, "remaing_dues": "0.00"}}, {"model": "Bills.calculatedbill", "pk": 38, "fields": {"created_at": "2023-09-24T22:27:24.269Z", "updated_at": "2023-09-24T22:55:35.790Z", "meter": 16, "bill_id": "12345678", "bill_total_amount": "1500.00", "bill_reading_img": "images/178-1788431_mobile-app-automation-testing-icon_JoD1XQ3.ico", "bill_reading": "200", "bill_status": "ipaid", "payment_recieved": "0.00", "units_consumed": null, "remaing_dues": "1500.00"}}, {"model": "Bills.calculatedbill", "pk": 39, "fields": {"created_at": "2023-09-24T22:55:07.093Z", "updated_at": "2023-09-24T22:55:35.788Z", "meter": 16, "bill_id": "12345678", "bill_total_amount": "1500.00", "bill_reading_img": "images/178-1788431_mobile-app-automation-testing-icon_HiHAEmP.ico", "bill_reading": "1000", "bill_status": "ipaid", "payment_recieved": "0.00", "units_consumed": "800", "remaing_dues": "1500.00"}}, {"model": "Bills.calculatedbill", "pk": 46, "fields": {"created_at": "2023-09-25T23:22:59.907Z", "updated_at": "2023-09-25T23:24:12.399Z", "meter": 1, "bill_id": "123456", "bill_total_amount": "35000.00", "bill_reading_img": "images/178-1788431_mobile-app-automation-testing-icon_RB6aG4n.ico", "bill_reading": "5800", "bill_status": "ipaid", "payment_recieved": "0.00", "units_consumed": "100", "remaing_dues": "500.00"}}, {"model": "Bills.calculatedbill", "pk": 49, "fields": {"created_at": "2023-09-25T23:31:21.134Z", "updated_at": "2023-09-25T23:31:52.364Z", "meter": 1, "bill_id": "123456", "bill_total_amount": "42000.00", "bill_reading_img": "images/178-1788431_mobile-app-automation-testing-icon_G9v0Rw7.ico", "bill_reading": "5900", "bill_status": "ipaid", "payment_recieved": "0.00", "units_consumed": "100", "remaing_dues": "2000.00"}}, {"model": "Bills.calculatedbill", "pk": 50, "fields": {"created_at": "2023-09-25T23:33:09.876Z", "updated_at": "2023-09-25T23:55:02.250Z", "meter": 1, "bill_id": "123456", "bill_total_amount": "43500.00", "bill_reading_img": "images/404-error_g7VlK5k.gif", "bill_reading": "6000", "bill_status": "paid", "payment_recieved": "0.00", "units_consumed": "100", "remaing_dues": "0.00"}}, {"model": "Bills.calculatedbill", "pk": 51, "fields": {"created_at": "2023-09-25T23:42:43.645Z", "updated_at": "2023-09-25T23:55:02.255Z", "meter": 1, "bill_id": "123456", "bill_total_amount": "125000.00", "bill_reading_img": "images/23672a42941b0b322c989513746beb298f695ae1_JWCNsHN.webp", "bill_reading": "6200", "bill_status": "paid", "payment_recieved": "0.00", "units_consumed": "200", "remaing_dues": "0.00"}}, {"model": "Bills.calculatedbill", "pk": 52, "fields": {"created_at": "2023-09-25T23:45:37.812Z", "updated_at": "2023-09-25T23:55:43.471Z", "meter": 1, "bill_id": "123456", "bill_total_amount": "166500.00", "bill_reading_img": "images/404-error_4fcFYkX.gif", "bill_reading": "6300", "bill_status": "paid", "payment_recieved": "0.00", "units_consumed": "100", "remaing_dues": "0.00"}}, {"model": "Bills.calculatedbill", "pk": 53, "fields": {"created_at": "2023-09-06T23:46:25.724Z", "updated_at": "2023-09-25T23:58:28.473Z", "meter": 6, "bill_id": "007", "bill_total_amount": "104500.00", "bill_reading_img": "images/404-error_IIgsWhS.gif", "bill_reading": "2000", "bill_status": "ipaid", "payment_recieved": "0.00", "units_consumed": "1000", "remaing_dues": "500.00"}}, {"model": "Bills.calculatedbill", "pk": 54, "fields": {"created_at": "2023-09-25T23:47:18.445Z", "updated_at": "2023-09-25T23:57:56.294Z", "meter": 3, "bill_id": "12345678", "bill_total_amount": "1500.00", "bill_reading_img": "images/29002282_mFq9ZEQ.jpg", "bill_reading": "3000", "bill_status": "paid", "payment_recieved": "0.00", "units_consumed": "0", "remaing_dues": "0.00"}}, {"model": "Bills.calculatedbill", "pk": 55, "fields": {"created_at": "2023-10-08T11:43:38.205Z", "updated_at": "2023-10-08T11:45:05.804Z", "meter": 2, "bill_id": "12345678", "bill_total_amount": "498500.00", "bill_reading_img": "images/alilimg.jpeg", "bill_reading": "5000", "bill_status": "ipaid", "payment_recieved": "0.00", "units_consumed": "1000", "remaing_dues": "500.00"}}, {"model": "Bills.calculatedbill", "pk": 56, "fields": {"created_at": "2023-09-08T14:02:48.283Z", "updated_at": "2023-09-08T14:02:48.283Z", "meter": 17, "bill_id": "123", "bill_total_amount": "0.00", "bill_reading_img": "images/ali2.jpeg", "bill_reading": "100", "bill_status": "Paid", "payment_recieved": "0.00", "units_consumed": null, "remaing_dues": "0.00"}}, {"model": "Bills.calculatedbill", "pk": 57, "fields": {"created_at": "2023-10-08T14:57:48.373Z", "updated_at": "2023-10-08T14:58:58.332Z", "meter": 17, "bill_id": "123", "bill_total_amount": "41500.00", "bill_reading_img": "images/alilimg_FfkfHdG.jpeg", "bill_reading": "200", "bill_status": "paid", "payment_recieved": "0.00", "units_consumed": "100", "remaing_dues": "0.00"}}, {"model": "Bills.calculatedbill", "pk": 58, "fields": {"created_at": "2023-10-08T15:14:15.793Z", "updated_at": "2023-10-08T15:16:53.848Z", "meter": 6, "bill_id": "007", "bill_total_amount": "52000.00", "bill_reading_img": "images/bill_ZGEdcRx.jpeg", "bill_reading": "2500", "bill_status": "ipaid", "payment_recieved": "0.00", "units_consumed": "500", "remaing_dues": "2000.00"}}, {"model": "Area.area", "pk": 1, "fields": {"owners_name": "ali", "house_number": "123", "CNIC": "38403-4257911-5", "area_block": "A", "meter_no": null, "area_type": "residential", "owners_phone_number": "03076625662", "bill_paid_status": "paid"}}, {"model": "Area.area", "pk": 2, "fields": {"owners_name": "Hamza", "house_number": "123123", "CNIC": "56666", "area_block": "A", "meter_no": "234", "area_type": "commercial", "owners_phone_number": "03076625662", "bill_paid_status": "ipaid"}}, {"model": "Area.area", "pk": 3, "fields": {"owners_name": "Malik", "house_number": "567", "CNIC": "", "area_block": "A", "meter_no": null, "area_type": "residential", "owners_phone_number": null, "bill_paid_status": "paid"}}, {"model": "Area.area", "pk": 4, "fields": {"owners_name": "saad", "house_number": "098", "CNIC": "09876", "area_block": "A", "meter_no": null, "area_type": "residential", "owners_phone_number": "09876", "bill_paid_status": "paid"}}, {"model": "Area.area", "pk": 5, "fields": {"owners_name": "mobi", "house_number": "654", "CNIC": "865", "area_block": "A", "meter_no": null, "area_type": "residential", "owners_phone_number": null, "bill_paid_status": "ipaid"}}, {"model": "Area.area", "pk": 6, "fields": {"owners_name": "bilal", "house_number": "234", "CNIC": "567899", "area_block": "A", "meter_no": null, "area_type": "residential", "owners_phone_number": "987654", "bill_paid_status": "paid"}}, {"model": "Area.area", "pk": 7, "fields": {"owners_name": "ali", "house_number": "123123", "CNIC": "56666", "area_block": "C", "meter_no": null, "area_type": "residential", "owners_phone_number": null, "bill_paid_status": "ipaid"}}, {"model": "Area.area", "pk": 8, "fields": {"owners_name": "ali", "house_number": "123123", "CNIC": "56666", "area_block": "C", "meter_no": null, "area_type": "residential", "owners_phone_number": null, "bill_paid_status": "ipaid"}}, {"model": "Area.area", "pk": 9, "fields": {"owners_name": "ali", "house_number": "123123", "CNIC": "56666", "area_block": "C", "meter_no": null, "area_type": "residential", "owners_phone_number": null, "bill_paid_status": "ipaid"}}, {"model": "Area.area", "pk": 10, "fields": {"owners_name": "ali", "house_number": "123123", "CNIC": "56666", "area_block": "C", "meter_no": null, "area_type": "residential", "owners_phone_number": null, "bill_paid_status": "ipaid"}}, {"model": "Area.area", "pk": 11, "fields": {"owners_name": "ali", "house_number": "123123", "CNIC": "56666", "area_block": "C", "meter_no": null, "area_type": "residential", "owners_phone_number": null, "bill_paid_status": "ipaid"}}, {"model": "Area.area", "pk": 12, "fields": {"owners_name": "ali", "house_number": "123123", "CNIC": "56666", "area_block": "C", "meter_no": null, "area_type": "residential", "owners_phone_number": null, "bill_paid_status": "ipaid"}}, {"model": "Area.area", "pk": 13, "fields": {"owners_name": "ali", "house_number": "123123", "CNIC": "56666", "area_block": "C", "meter_no": null, "area_type": "residential", "owners_phone_number": null, "bill_paid_status": "ipaid"}}, {"model": "Area.area", "pk": 14, "fields": {"owners_name": "ali", "house_number": "123123", "CNIC": "56666", "area_block": "C", "meter_no": null, "area_type": "residential", "owners_phone_number": null, "bill_paid_status": "ipaid"}}, {"model": "Area.area", "pk": 15, "fields": {"owners_name": "ali", "house_number": "123123", "CNIC": "56666", "area_block": "B", "meter_no": null, "area_type": "residential", "owners_phone_number": "asf", "bill_paid_status": "ipaid"}}, {"model": "Area.area", "pk": 16, "fields": {"owners_name": "", "house_number": "456", "CNIC": "", "area_block": "A", "meter_no": null, "area_type": "residential", "owners_phone_number": null, "bill_paid_status": "ipaid"}}, {"model": "Area.area", "pk": 17, "fields": {"owners_name": "Malik Husain", "house_number": "31243122", "CNIC": "13245", "area_block": "B", "meter_no": null, "area_type": "residential", "owners_phone_number": "134", "bill_paid_status": "paid"}}, {"model": "Area.block", "pk": 1, "fields": {"block_name": "A"}}, {"model": "Area.block", "pk": 2, "fields": {"block_name": "B"}}, {"model": "Area.block", "pk": 3, "fields": {"block_name": "C"}}, {"model": "UnitsRate.commercialunitrates", "pk": 1, "fields": {"commercial_unit_price": null}}, {"model": "UnitsRate.residentialunitrates", "pk": 1, "fields": {"residential_unit_price": null}}, {"model": "UnitsRate.fineafterduedate", "pk": 1, "fields": {"fine_after_due_date": "10.00"}}, {"model": "UnitsRate.miscellaneouscharges", "pk": 1, "fields": {"miscellaneous_charges": "1500.00"}}, {"model": "UnitsRate.duedateforfine", "pk": 1, "fields": {"fine_date": "2023-09-03"}}, {"model": "UnitsRate.firstrangeofunitvalue", "pk": 1, "fields": {"range_of_units_residential": "857.00", "unit_price_for_first_range_residentails": "400.00", "range_of_units_commercial": "2404.00", "unit_price_for_first_range_wdcommercial": "500.00"}}, {"model": "UnitsRate.secondrangeofunitvalue", "pk": 1, "fields": {"range_of_units_residential": "1656.00", "unit_price_for_second_range_residentails": "300.00", "range_of_units_commercial": "1733.00", "unit_price_for_second_range_wdcommercial": "400.00"}}, {"model": "UnitsRate.thirdrangeofunitvalue", "pk": 1, "fields": {"range_of_units_residential": "753.00", "unit_price_for_third_range_residentails": "200.00", "range_of_units_commercial": "1137.00", "unit_price_for_third_range_wdcommercial": "300.00"}}, {"model": "UnitsRate.fouthrangeofunitvalue", "pk": 1, "fields": {"range_of_units_residential": "400.00", "unit_price_for_fourht_range_residentails": "100.00", "range_of_units_commercial": "596.00", "unit_price_for_fourth_range_wdcommercial": "200.00"}}]