[{"model": "admin.logentry", "pk": 1, "fields": {"action_time": "2023-10-27T07:17:45.820Z", "user": 1, "content_type": 12, "object_id": "1", "object_repr": "FineAfterDueDate object (1)", "action_flag": 1, "change_message": "[{\"added\": {}}]"}}, {"model": "admin.logentry", "pk": 2, "fields": {"action_time": "2023-10-27T07:17:59.796Z", "user": 1, "content_type": 16, "object_id": "1", "object_repr": "FirstRangeOfUnitValue object (1)", "action_flag": 1, "change_message": "[{\"added\": {}}]"}}, {"model": "admin.logentry", "pk": 3, "fields": {"action_time": "2023-10-27T07:18:13.714Z", "user": 1, "content_type": 18, "object_id": "1", "object_repr": "SecondRangeOfUnitValue object (1)", "action_flag": 1, "change_message": "[{\"added\": {}}]"}}, {"model": "admin.logentry", "pk": 4, "fields": {"action_time": "2023-10-27T07:18:27.952Z", "user": 1, "content_type": 19, "object_id": "1", "object_repr": "ThirdRangeOfUnitValue object (1)", "action_flag": 1, "change_message": "[{\"added\": {}}]"}}, {"model": "admin.logentry", "pk": 5, "fields": {"action_time": "2023-10-27T07:18:29.538Z", "user": 1, "content_type": 19, "object_id": "2", "object_repr": "ThirdRangeOfUnitValue object (2)", "action_flag": 1, "change_message": "[{\"added\": {}}]"}}, {"model": "admin.logentry", "pk": 6, "fields": {"action_time": "2023-10-27T07:18:42.687Z", "user": 1, "content_type": 17, "object_id": "1", "object_repr": "FouthRangeOfUnitValue object (1)", "action_flag": 1, "change_message": "[{\"added\": {}}]"}}, {"model": "admin.logentry", "pk": 7, "fields": {"action_time": "2023-10-27T07:18:49.058Z", "user": 1, "content_type": 13, "object_id": "1", "object_repr": "MiscellaneousCharges object (1)", "action_flag": 1, "change_message": "[{\"added\": {}}]"}}, {"model": "admin.logentry", "pk": 8, "fields": {"action_time": "2023-10-27T07:18:55.996Z", "user": 1, "content_type": 15, "object_id": "1", "object_repr": "DueDateForFine object (1)", "action_flag": 1, "change_message": "[{\"added\": {}}]"}}, {"model": "admin.logentry", "pk": 9, "fields": {"action_time": "2023-12-03T12:35:42.813Z", "user": 1, "content_type": 6, "object_id": "1", "object_repr": "abc@gmail.com", "action_flag": 2, "change_message": "[{\"changed\": {\"fields\": [\"Username\", \"Role\"]}}]"}}, {"model": "auth.permission", "pk": 1, "fields": {"name": "Can add log entry", "content_type": 1, "codename": "add_logentry"}}, {"model": "auth.permission", "pk": 2, "fields": {"name": "Can change log entry", "content_type": 1, "codename": "change_logentry"}}, {"model": "auth.permission", "pk": 3, "fields": {"name": "Can delete log entry", "content_type": 1, "codename": "delete_logentry"}}, {"model": "auth.permission", "pk": 4, "fields": {"name": "Can view log entry", "content_type": 1, "codename": "view_logentry"}}, {"model": "auth.permission", "pk": 5, "fields": {"name": "Can add permission", "content_type": 2, "codename": "add_permission"}}, {"model": "auth.permission", "pk": 6, "fields": {"name": "Can change permission", "content_type": 2, "codename": "change_permission"}}, {"model": "auth.permission", "pk": 7, "fields": {"name": "Can delete permission", "content_type": 2, "codename": "delete_permission"}}, {"model": "auth.permission", "pk": 8, "fields": {"name": "Can view permission", "content_type": 2, "codename": "view_permission"}}, {"model": "auth.permission", "pk": 9, "fields": {"name": "Can add group", "content_type": 3, "codename": "add_group"}}, {"model": "auth.permission", "pk": 10, "fields": {"name": "Can change group", "content_type": 3, "codename": "change_group"}}, {"model": "auth.permission", "pk": 11, "fields": {"name": "Can delete group", "content_type": 3, "codename": "delete_group"}}, {"model": "auth.permission", "pk": 12, "fields": {"name": "Can view group", "content_type": 3, "codename": "view_group"}}, {"model": "auth.permission", "pk": 13, "fields": {"name": "Can add content type", "content_type": 4, "codename": "add_contenttype"}}, {"model": "auth.permission", "pk": 14, "fields": {"name": "Can change content type", "content_type": 4, "codename": "change_contenttype"}}, {"model": "auth.permission", "pk": 15, "fields": {"name": "Can delete content type", "content_type": 4, "codename": "delete_contenttype"}}, {"model": "auth.permission", "pk": 16, "fields": {"name": "Can view content type", "content_type": 4, "codename": "view_contenttype"}}, {"model": "auth.permission", "pk": 17, "fields": {"name": "Can add session", "content_type": 5, "codename": "add_session"}}, {"model": "auth.permission", "pk": 18, "fields": {"name": "Can change session", "content_type": 5, "codename": "change_session"}}, {"model": "auth.permission", "pk": 19, "fields": {"name": "Can delete session", "content_type": 5, "codename": "delete_session"}}, {"model": "auth.permission", "pk": 20, "fields": {"name": "Can view session", "content_type": 5, "codename": "view_session"}}, {"model": "auth.permission", "pk": 21, "fields": {"name": "Can add custom user", "content_type": 6, "codename": "add_customuser"}}, {"model": "auth.permission", "pk": 22, "fields": {"name": "Can change custom user", "content_type": 6, "codename": "change_customuser"}}, {"model": "auth.permission", "pk": 23, "fields": {"name": "Can delete custom user", "content_type": 6, "codename": "delete_customuser"}}, {"model": "auth.permission", "pk": 24, "fields": {"name": "Can view custom user", "content_type": 6, "codename": "view_customuser"}}, {"model": "auth.permission", "pk": 25, "fields": {"name": "Can add meter", "content_type": 7, "codename": "add_meter"}}, {"model": "auth.permission", "pk": 26, "fields": {"name": "Can change meter", "content_type": 7, "codename": "change_meter"}}, {"model": "auth.permission", "pk": 27, "fields": {"name": "Can delete meter", "content_type": 7, "codename": "delete_meter"}}, {"model": "auth.permission", "pk": 28, "fields": {"name": "Can view meter", "content_type": 7, "codename": "view_meter"}}, {"model": "auth.permission", "pk": 29, "fields": {"name": "Can add calculated bill", "content_type": 8, "codename": "add_calculatedbill"}}, {"model": "auth.permission", "pk": 30, "fields": {"name": "Can change calculated bill", "content_type": 8, "codename": "change_calculatedbill"}}, {"model": "auth.permission", "pk": 31, "fields": {"name": "Can delete calculated bill", "content_type": 8, "codename": "delete_calculatedbill"}}, {"model": "auth.permission", "pk": 32, "fields": {"name": "Can view calculated bill", "content_type": 8, "codename": "view_calculatedbill"}}, {"model": "auth.permission", "pk": 33, "fields": {"name": "Can add block", "content_type": 9, "codename": "add_block"}}, {"model": "auth.permission", "pk": 34, "fields": {"name": "Can change block", "content_type": 9, "codename": "change_block"}}, {"model": "auth.permission", "pk": 35, "fields": {"name": "Can delete block", "content_type": 9, "codename": "delete_block"}}, {"model": "auth.permission", "pk": 36, "fields": {"name": "Can view block", "content_type": 9, "codename": "view_block"}}, {"model": "auth.permission", "pk": 37, "fields": {"name": "Can add area", "content_type": 10, "codename": "add_area"}}, {"model": "auth.permission", "pk": 38, "fields": {"name": "Can change area", "content_type": 10, "codename": "change_area"}}, {"model": "auth.permission", "pk": 39, "fields": {"name": "Can delete area", "content_type": 10, "codename": "delete_area"}}, {"model": "auth.permission", "pk": 40, "fields": {"name": "Can view area", "content_type": 10, "codename": "view_area"}}, {"model": "auth.permission", "pk": 41, "fields": {"name": "Can add commercial unit rates", "content_type": 11, "codename": "add_commercialunitrates"}}, {"model": "auth.permission", "pk": 42, "fields": {"name": "Can change commercial unit rates", "content_type": 11, "codename": "change_commercialunitrates"}}, {"model": "auth.permission", "pk": 43, "fields": {"name": "Can delete commercial unit rates", "content_type": 11, "codename": "delete_commercialunitrates"}}, {"model": "auth.permission", "pk": 44, "fields": {"name": "Can view commercial unit rates", "content_type": 11, "codename": "view_commercialunitrates"}}, {"model": "auth.permission", "pk": 45, "fields": {"name": "Can add fine after due date", "content_type": 12, "codename": "add_fineafterduedate"}}, {"model": "auth.permission", "pk": 46, "fields": {"name": "Can change fine after due date", "content_type": 12, "codename": "change_fineafterduedate"}}, {"model": "auth.permission", "pk": 47, "fields": {"name": "Can delete fine after due date", "content_type": 12, "codename": "delete_fineafterduedate"}}, {"model": "auth.permission", "pk": 48, "fields": {"name": "Can view fine after due date", "content_type": 12, "codename": "view_fineafterduedate"}}, {"model": "auth.permission", "pk": 49, "fields": {"name": "Can add miscellaneous charges", "content_type": 13, "codename": "add_miscellaneouscharges"}}, {"model": "auth.permission", "pk": 50, "fields": {"name": "Can change miscellaneous charges", "content_type": 13, "codename": "change_miscellaneouscharges"}}, {"model": "auth.permission", "pk": 51, "fields": {"name": "Can delete miscellaneous charges", "content_type": 13, "codename": "delete_miscellaneouscharges"}}, {"model": "auth.permission", "pk": 52, "fields": {"name": "Can view miscellaneous charges", "content_type": 13, "codename": "view_miscellaneouscharges"}}, {"model": "auth.permission", "pk": 53, "fields": {"name": "Can add residential unit rates", "content_type": 14, "codename": "add_residentialunitrates"}}, {"model": "auth.permission", "pk": 54, "fields": {"name": "Can change residential unit rates", "content_type": 14, "codename": "change_residentialunitrates"}}, {"model": "auth.permission", "pk": 55, "fields": {"name": "Can delete residential unit rates", "content_type": 14, "codename": "delete_residentialunitrates"}}, {"model": "auth.permission", "pk": 56, "fields": {"name": "Can view residential unit rates", "content_type": 14, "codename": "view_residentialunitrates"}}, {"model": "auth.permission", "pk": 57, "fields": {"name": "Can add due date for fine", "content_type": 15, "codename": "add_duedateforfine"}}, {"model": "auth.permission", "pk": 58, "fields": {"name": "Can change due date for fine", "content_type": 15, "codename": "change_duedateforfine"}}, {"model": "auth.permission", "pk": 59, "fields": {"name": "Can delete due date for fine", "content_type": 15, "codename": "delete_duedateforfine"}}, {"model": "auth.permission", "pk": 60, "fields": {"name": "Can view due date for fine", "content_type": 15, "codename": "view_duedateforfine"}}, {"model": "auth.permission", "pk": 61, "fields": {"name": "Can add first range of unit value", "content_type": 16, "codename": "add_firstrangeofunitvalue"}}, {"model": "auth.permission", "pk": 62, "fields": {"name": "Can change first range of unit value", "content_type": 16, "codename": "change_firstrangeofunitvalue"}}, {"model": "auth.permission", "pk": 63, "fields": {"name": "Can delete first range of unit value", "content_type": 16, "codename": "delete_firstrangeofunitvalue"}}, {"model": "auth.permission", "pk": 64, "fields": {"name": "Can view first range of unit value", "content_type": 16, "codename": "view_firstrangeofunitvalue"}}, {"model": "auth.permission", "pk": 65, "fields": {"name": "Can add fouth range of unit value", "content_type": 17, "codename": "add_fouthrangeofunitvalue"}}, {"model": "auth.permission", "pk": 66, "fields": {"name": "Can change fouth range of unit value", "content_type": 17, "codename": "change_fouthrangeofunitvalue"}}, {"model": "auth.permission", "pk": 67, "fields": {"name": "Can delete fouth range of unit value", "content_type": 17, "codename": "delete_fouthrangeofunitvalue"}}, {"model": "auth.permission", "pk": 68, "fields": {"name": "Can view fouth range of unit value", "content_type": 17, "codename": "view_fouthrangeofunitvalue"}}, {"model": "auth.permission", "pk": 69, "fields": {"name": "Can add second range of unit value", "content_type": 18, "codename": "add_secondrangeofunitvalue"}}, {"model": "auth.permission", "pk": 70, "fields": {"name": "Can change second range of unit value", "content_type": 18, "codename": "change_secondrangeofunitvalue"}}, {"model": "auth.permission", "pk": 71, "fields": {"name": "Can delete second range of unit value", "content_type": 18, "codename": "delete_secondrangeofunitvalue"}}, {"model": "auth.permission", "pk": 72, "fields": {"name": "Can view second range of unit value", "content_type": 18, "codename": "view_secondrangeofunitvalue"}}, {"model": "auth.permission", "pk": 73, "fields": {"name": "Can add third range of unit value", "content_type": 19, "codename": "add_thirdrangeofunitvalue"}}, {"model": "auth.permission", "pk": 74, "fields": {"name": "Can change third range of unit value", "content_type": 19, "codename": "change_thirdrangeofunitvalue"}}, {"model": "auth.permission", "pk": 75, "fields": {"name": "Can delete third range of unit value", "content_type": 19, "codename": "delete_thirdrangeofunitvalue"}}, {"model": "auth.permission", "pk": 76, "fields": {"name": "Can view third range of unit value", "content_type": 19, "codename": "view_thirdrangeofunitvalue"}}, {"model": "contenttypes.contenttype", "pk": 1, "fields": {"app_label": "admin", "model": "logentry"}}, {"model": "contenttypes.contenttype", "pk": 2, "fields": {"app_label": "auth", "model": "permission"}}, {"model": "contenttypes.contenttype", "pk": 3, "fields": {"app_label": "auth", "model": "group"}}, {"model": "contenttypes.contenttype", "pk": 4, "fields": {"app_label": "contenttypes", "model": "contenttype"}}, {"model": "contenttypes.contenttype", "pk": 5, "fields": {"app_label": "sessions", "model": "session"}}, {"model": "contenttypes.contenttype", "pk": 6, "fields": {"app_label": "Users", "model": "customuser"}}, {"model": "contenttypes.contenttype", "pk": 7, "fields": {"app_label": "Bills", "model": "meter"}}, {"model": "contenttypes.contenttype", "pk": 8, "fields": {"app_label": "Bills", "model": "calculatedbill"}}, {"model": "contenttypes.contenttype", "pk": 9, "fields": {"app_label": "Area", "model": "block"}}, {"model": "contenttypes.contenttype", "pk": 10, "fields": {"app_label": "Area", "model": "area"}}, {"model": "contenttypes.contenttype", "pk": 11, "fields": {"app_label": "UnitsRate", "model": "commercialunitrates"}}, {"model": "contenttypes.contenttype", "pk": 12, "fields": {"app_label": "UnitsRate", "model": "fineafterduedate"}}, {"model": "contenttypes.contenttype", "pk": 13, "fields": {"app_label": "UnitsRate", "model": "miscellaneouscharges"}}, {"model": "contenttypes.contenttype", "pk": 14, "fields": {"app_label": "UnitsRate", "model": "residentialunitrates"}}, {"model": "contenttypes.contenttype", "pk": 15, "fields": {"app_label": "UnitsRate", "model": "duedateforfine"}}, {"model": "contenttypes.contenttype", "pk": 16, "fields": {"app_label": "UnitsRate", "model": "firstrangeofunitvalue"}}, {"model": "contenttypes.contenttype", "pk": 17, "fields": {"app_label": "UnitsRate", "model": "fouthrangeofunitvalue"}}, {"model": "contenttypes.contenttype", "pk": 18, "fields": {"app_label": "UnitsRate", "model": "secondrangeofunitvalue"}}, {"model": "contenttypes.contenttype", "pk": 19, "fields": {"app_label": "UnitsRate", "model": "thirdrangeofunitvalue"}}, {"model": "sessions.session", "pk": "1att1hb5a1x30ms8pn75r1lyucea9zq5", "fields": {"session_data": ".eJxVjMsOwiAQRf-FtSG0dHi4dO83kBkGpGogKe3K-O_apAvd3nPOfYmA21rC1tMSZhZnocXpdyOMj1R3wHestyZjq-syk9wVedAur43T83K4fwcFe_nWBFERTEzeZ8cDolY-ReLEpHEkVhkIspns6CxpsAb14Jx1FpJm5414fwAPpjhG:1r8R1e:9gZGSVoyQhBuXPmNvVsStuJZmM-tyGS5OLWoPVeBM0o", "expire_date": "2023-12-13T20:19:14.124Z"}}, {"model": "sessions.session", "pk": "26mfd9w9gjaw4hpvk3rad9tsa5i4b3qo", "fields": {"session_data": ".eJxVjMsOwiAQRf-FtSG0dHi4dO83kBkGpGogKe3K-O_apAvd3nPOfYmA21rC1tMSZhZnocXpdyOMj1R3wHestyZjq-syk9wVedAur43T83K4fwcFe_nWBFERTEzeZ8cDolY-ReLEpHEkVhkIspns6CxpsAb14Jx1FpJm5414fwAPpjhG:1r9ljg:ZCuTF65Clu6ZxzFDwD3kRBldBA_qtqf_4OJ5jPtpvb4", "expire_date": "2023-12-17T12:38:12.932Z"}}, {"model": "sessions.session", "pk": "4l3koeymmnb780264u8ia5ez9kj9m06c", "fields": {"session_data": ".eJxVjMsOwiAQRf-FtSG0dHi4dO83kBkGpGogKe3K-O_apAvd3nPOfYmA21rC1tMSZhZnocXpdyOMj1R3wHestyZjq-syk9wVedAur43T83K4fwcFe_nWBFERTEzeZ8cDolY-ReLEpHEkVhkIspns6CxpsAb14Jx1FpJm5414fwAPpjhG:1rIYsV:OIqFaQq5mhOm0obKbKbk8jMm-oN9jUKTeYWk3MhgHnQ", "expire_date": "2024-01-10T18:43:39.650Z"}}, {"model": "sessions.session", "pk": "a7caghpmi69vg18iho3xzrildscemv17", "fields": {"session_data": ".eJxVjMsOwiAQRf-FtSG0dHi4dO83kBkGpGogKe3K-O_apAvd3nPOfYmA21rC1tMSZhZnocXpdyOMj1R3wHestyZjq-syk9wVedAur43T83K4fwcFe_nWBFERTEzeZ8cDolY-ReLEpHEkVhkIspns6CxpsAb14Jx1FpJm5414fwAPpjhG:1qwH80:6jtd0hEjbrd54E7PXbCzpyinzHBMpHtuxWqp9adb0Ec", "expire_date": "2023-11-10T07:19:32.621Z"}}, {"model": "sessions.session", "pk": "ehcrmx9ilck91t5c6bxp9kzgc0urpayf", "fields": {"session_data": ".eJxVjEEOwiAQRe_C2hCgFIpL9z0DmWEGqRqalHZlvLtt0oVu_3vvv0WEbS1xa7zEicRVaHH53RDSk-sB6AH1Pss013WZUB6KPGmT40z8up3u30GBVva6906jVabvNNtgAb0iNHYwmoNVeVDecIDOeZszq0TUObe7ih2BR0Tx-QK2yTdl:1rLTbC:CqXhMO4PpllY87AjMxCt_2FHolyXsAIwzSIa61fc5m0", "expire_date": "2024-01-18T19:41:50.812Z"}}, {"model": "sessions.session", "pk": "q37wuyb8n32z2nh8ldl3cgo3jn25u87n", "fields": {"session_data": ".eJxVjEEOwiAQRe_C2hCgFIpL9z0DmWEGqRqalHZlvLtt0oVu_3vvv0WEbS1xa7zEicRVaHH53RDSk-sB6AH1Pss013WZUB6KPGmT40z8up3u30GBVva6906jVabvNNtgAb0iNHYwmoNVeVDecIDOeZszq0TUObe7ih2BR0Tx-QK2yTdl:1rKKv3:Ap1vpODanz8zdQHV3JRO6npvh8GGoyaJX7Dn7nOEJL8", "expire_date": "2024-01-15T16:13:37.997Z"}}, {"model": "Users.customuser", "pk": 1, "fields": {"password": "pbkdf2_sha256$260000$7SMx4NVbGLYhYIOk948inI$2XDquwazApqIEX9lT4sADfPomNipmFoMoY2Xcoz84Z8=", "last_login": "2024-01-04T19:41:50.810Z", "is_superuser": true, "email": "abc@gmail.com", "username": "ZIA", "role": "Admin", "first_name": "", "last_name": "", "date_joined": "2023-10-27T07:10:46.243Z", "is_active": true, "is_staff": true, "groups": [], "user_permissions": []}}, {"model": "Users.customuser", "pk": 2, "fields": {"password": "pbkdf2_sha256$260000$oXMhhqAwVw7NFcxC26qtNh$PmCv2a54PcihtejXk8id2i5smZQ2c4JgFb1W2TFPcxE=", "last_login": "2024-01-01T16:12:14.688Z", "is_superuser": false, "email": "meterreader@gmail.com", "username": "meterReader", "role": "Meter Reader", "first_name": "", "last_name": "", "date_joined": "2023-10-27T07:16:34.018Z", "is_active": true, "is_staff": false, "groups": [], "user_permissions": []}}, {"model": "Users.customuser", "pk": 3, "fields": {"password": "pbkdf2_sha256$260000$AyZYT0tN5iXUuUtEljPC9R$2sJSdiK6yDzJl/JR1lceFOW0D6Ijn63J4E8kj9e8P9M=", "last_login": "2024-01-01T16:12:44.846Z", "is_superuser": false, "email": "testmanager@gmail.com", "username": "testmanager", "role": "Manager", "first_name": "", "last_name": "", "date_joined": "2023-10-27T07:16:54.941Z", "is_active": true, "is_staff": false, "groups": [], "user_permissions": []}}, {"model": "Bills.meter", "pk": 1, "fields": {"created_at": "2023-10-27T07:16:06.082Z", "updated_at": "2023-10-27T07:16:06.082Z", "house": 1, "meter_id": "1231", "meter_owner": "Malik ALi", "meter_type": "electricity"}}, {"model": "Bills.meter", "pk": 2, "fields": {"created_at": "2023-10-27T07:23:25.561Z", "updated_at": "2023-10-27T07:23:25.561Z", "house": 2, "meter_id": "12345678", "meter_owner": "Muhamad Aslam", "meter_type": "electricity"}}, {"model": "Bills.meter", "pk": 3, "fields": {"created_at": "2023-12-03T12:31:01.991Z", "updated_at": "2023-12-03T12:31:01.991Z", "house": 3, "meter_id": "542", "meter_owner": "Ali Haider", "meter_type": "electricity"}}, {"model": "Bills.meter", "pk": 4, "fields": {"created_at": "2023-12-03T12:31:50.949Z", "updated_at": "2023-12-03T12:31:50.949Z", "house": 4, "meter_id": "12", "meter_owner": "wqdq", "meter_type": "electricity"}}, {"model": "Bills.meter", "pk": 5, "fields": {"created_at": "2023-12-03T12:33:59.690Z", "updated_at": "2023-12-03T12:33:59.690Z", "house": 5, "meter_id": "123", "meter_owner": "Muhamad Aslam", "meter_type": "electricity"}}, {"model": "Bills.meter", "pk": 6, "fields": {"created_at": "2023-12-03T12:36:15.366Z", "updated_at": "2023-12-03T12:36:15.366Z", "house": 6, "meter_id": "123", "meter_owner": "Muhamad Aslam", "meter_type": "electricity"}}, {"model": "Bills.meter", "pk": 7, "fields": {"created_at": "2023-12-03T12:36:56.072Z", "updated_at": "2023-12-03T12:36:56.072Z", "house": 7, "meter_id": "123", "meter_owner": "Malik ALi", "meter_type": "electricity"}}, {"model": "Bills.meter", "pk": 8, "fields": {"created_at": "2023-12-27T18:33:24.410Z", "updated_at": "2023-12-27T18:33:24.410Z", "house": 8, "meter_id": "1231", "meter_owner": "ali", "meter_type": "electricity"}}, {"model": "Bills.calculatedbill", "pk": 1, "fields": {"created_at": "2023-10-27T07:16:06.085Z", "updated_at": "2023-10-27T07:16:06.085Z", "meter": 1, "bill_id": "1231", "bill_total_amount": "0.00", "bill_reading_img": "images/178-1788431_mobile-app-automation-testing-icon_xKkObnm.ico", "bill_reading": "200", "bill_status": "Paid", "payment_recieved": "0.00", "units_consumed": null, "remaing_dues": "0.00"}}, {"model": "Bills.calculatedbill", "pk": 2, "fields": {"created_at": "2023-10-27T07:19:21.640Z", "updated_at": "2023-10-27T07:19:21.640Z", "meter": 1, "bill_id": "1231", "bill_total_amount": "30000.00", "bill_reading_img": "images/178-1788431_mobile-app-automation-testing-icon_wozAPqb.ico", "bill_reading": "500", "bill_status": "unpaid", "payment_recieved": "0.00", "units_consumed": "300", "remaing_dues": "0.00"}}, {"model": "Bills.calculatedbill", "pk": 3, "fields": {"created_at": "2023-10-27T07:23:25.564Z", "updated_at": "2023-10-27T07:23:25.564Z", "meter": 2, "bill_id": "12345678", "bill_total_amount": "0.00", "bill_reading_img": "images/178-1788431_mobile-app-automation-testing-icon_1CaZBmg.ico", "bill_reading": "300", "bill_status": "Paid", "payment_recieved": "0.00", "units_consumed": null, "remaing_dues": "0.00"}}, {"model": "Bills.calculatedbill", "pk": 4, "fields": {"created_at": "2023-12-03T12:31:01.992Z", "updated_at": "2023-12-03T12:31:01.992Z", "meter": 3, "bill_id": "542", "bill_total_amount": "0.00", "bill_reading_img": "images/image_21.png", "bill_reading": "200", "bill_status": "Paid", "payment_recieved": "0.00", "units_consumed": null, "remaing_dues": "0.00"}}, {"model": "Bills.calculatedbill", "pk": 5, "fields": {"created_at": "2023-12-03T12:31:50.951Z", "updated_at": "2023-12-03T12:31:50.951Z", "meter": 4, "bill_id": "12", "bill_total_amount": "0.00", "bill_reading_img": "images/DALLE_2023-12-01_17.54.35_-_Create_an_image_with_the_text_Let_me_do_some_amazing__r5adFSs.png", "bill_reading": "12", "bill_status": "Paid", "payment_recieved": "0.00", "units_consumed": null, "remaing_dues": "0.00"}}, {"model": "Bills.calculatedbill", "pk": 6, "fields": {"created_at": "2023-12-03T12:33:59.692Z", "updated_at": "2023-12-03T12:33:59.692Z", "meter": 5, "bill_id": "123", "bill_total_amount": "0.00", "bill_reading_img": "images/DALLE_2023-12-01_17.54.35_-_Create_an_image_with_the_text_Let_me_do_some_amazing__qNAVzBG.png", "bill_reading": "32", "bill_status": "Paid", "payment_recieved": "0.00", "units_consumed": null, "remaing_dues": "0.00"}}, {"model": "Bills.calculatedbill", "pk": 7, "fields": {"created_at": "2023-12-03T12:36:15.368Z", "updated_at": "2023-12-03T12:36:15.368Z", "meter": 6, "bill_id": "123", "bill_total_amount": "0.00", "bill_reading_img": "images/image_21_9lHX9sc.png", "bill_reading": "12", "bill_status": "Paid", "payment_recieved": "0.00", "units_consumed": null, "remaing_dues": "0.00"}}, {"model": "Bills.calculatedbill", "pk": 8, "fields": {"created_at": "2023-12-03T12:36:56.074Z", "updated_at": "2023-12-03T12:36:56.074Z", "meter": 7, "bill_id": "123", "bill_total_amount": "0.00", "bill_reading_img": "images/image_19.png", "bill_reading": "2", "bill_status": "Paid", "payment_recieved": "0.00", "units_consumed": null, "remaing_dues": "0.00"}}, {"model": "Bills.calculatedbill", "pk": 9, "fields": {"created_at": "2023-12-03T12:38:02.500Z", "updated_at": "2023-12-03T12:38:02.500Z", "meter": 3, "bill_id": "542", "bill_total_amount": "21000.00", "bill_reading_img": "images/WhatsApp_Image_2023-12-03_at_17.08.53.jpeg", "bill_reading": "400", "bill_status": "unpaid", "payment_recieved": "0.00", "units_consumed": "200", "remaing_dues": "0.00"}}, {"model": "Bills.calculatedbill", "pk": 10, "fields": {"created_at": "2023-12-27T18:33:24.412Z", "updated_at": "2023-12-27T18:33:24.412Z", "meter": 8, "bill_id": "1231", "bill_total_amount": "0.00", "bill_reading_img": "images/12.jpeg", "bill_reading": "100", "bill_status": "Paid", "payment_recieved": "0.00", "units_consumed": null, "remaing_dues": "0.00"}}, {"model": "Bills.calculatedbill", "pk": 11, "fields": {"created_at": "2023-12-27T18:33:53.072Z", "updated_at": "2023-12-27T18:35:57.106Z", "meter": 8, "bill_id": "1231", "bill_total_amount": "17000.00", "bill_reading_img": "images/12_dQm6V81.jpeg", "bill_reading": "200", "bill_status": "paid", "payment_recieved": "0.00", "units_consumed": "100", "remaing_dues": "0.00"}}, {"model": "Bills.calculatedbill", "pk": 12, "fields": {"created_at": "2023-12-27T18:36:35.410Z", "updated_at": "2023-12-27T18:37:39.341Z", "meter": 8, "bill_id": "1231", "bill_total_amount": "21000.00", "bill_reading_img": "images/12_ml6g3Ou.jpeg", "bill_reading": "400", "bill_status": "ipaid", "payment_recieved": "0.00", "units_consumed": "200", "remaing_dues": "1000.00"}}, {"model": "Bills.calculatedbill", "pk": 13, "fields": {"created_at": "2023-12-27T18:38:03.737Z", "updated_at": "2023-12-27T18:43:04.240Z", "meter": 8, "bill_id": "1231", "bill_total_amount": "18000.00", "bill_reading_img": "images/12_Fjc0zGA.jpeg", "bill_reading": "500", "bill_status": "paid", "payment_recieved": "0.00", "units_consumed": "100", "remaing_dues": "0.00"}}, {"model": "Bills.calculatedbill", "pk": 14, "fields": {"created_at": "2023-12-27T18:43:30.223Z", "updated_at": "2024-01-01T16:10:37.141Z", "meter": 8, "bill_id": "1231", "bill_total_amount": "17000.00", "bill_reading_img": "images/12_d3wY4GJ.jpeg", "bill_reading": "600", "bill_status": "ipaid", "payment_recieved": "15000.00", "units_consumed": "100", "remaing_dues": "2000.00"}}, {"model": "Bills.calculatedbill", "pk": 15, "fields": {"created_at": "2024-01-01T16:12:24.847Z", "updated_at": "2024-01-01T16:12:24.847Z", "meter": 8, "bill_id": "1231", "bill_total_amount": "23000.00", "bill_reading_img": "images/12_4wCGyQ5.jpeg", "bill_reading": "800", "bill_status": "unpaid", "payment_recieved": "0.00", "units_consumed": "200", "remaing_dues": "0.00"}}, {"model": "Area.area", "pk": 1, "fields": {"owners_name": "ali", "house_number": "123123", "CNIC": "56666", "area_block": "A", "meter_no": null, "area_type": "residential", "owners_phone_number": "21", "bill_paid_status": "unpaid"}}, {"model": "Area.area", "pk": 2, "fields": {"owners_name": "ali", "house_number": "231312", "CNIC": "123123", "area_block": "A", "meter_no": null, "area_type": "residential", "owners_phone_number": null, "bill_paid_status": "unpaid"}}, {"model": "Area.area", "pk": 3, "fields": {"owners_name": "Ali Haider", "house_number": "45", "CNIC": "3520178654321", "area_block": "A", "meter_no": null, "area_type": "residential", "owners_phone_number": "03094482097", "bill_paid_status": "unpaid"}}, {"model": "Area.area", "pk": 4, "fields": {"owners_name": "ali", "house_number": "123", "CNIC": "56666", "area_block": "A", "meter_no": null, "area_type": "residential", "owners_phone_number": "123123123", "bill_paid_status": "unpaid"}}, {"model": "Area.area", "pk": 5, "fields": {"owners_name": "ali", "house_number": "123", "CNIC": "56666", "area_block": "A", "meter_no": null, "area_type": "residential", "owners_phone_number": null, "bill_paid_status": "unpaid"}}, {"model": "Area.area", "pk": 6, "fields": {"owners_name": "ali", "house_number": "123123", "CNIC": "23", "area_block": "A", "meter_no": null, "area_type": "commercial", "owners_phone_number": "03076625662", "bill_paid_status": "unpaid"}}, {"model": "Area.area", "pk": 7, "fields": {"owners_name": "Malik", "house_number": "123", "CNIC": "123", "area_block": "A", "meter_no": null, "area_type": "residential", "owners_phone_number": "123", "bill_paid_status": "unpaid"}}, {"model": "Area.area", "pk": 8, "fields": {"owners_name": "Ali", "house_number": "123test", "CNIC": "123", "area_block": "A", "meter_no": null, "area_type": "residential", "owners_phone_number": "123", "bill_paid_status": "unpaid"}}, {"model": "Area.block", "pk": 1, "fields": {"block_name": "A"}}, {"model": "UnitsRate.fineafterduedate", "pk": 1, "fields": {"fine_after_due_date": "10.00"}}, {"model": "UnitsRate.miscellaneouscharges", "pk": 1, "fields": {"miscellaneous_charges": "15000.00"}}, {"model": "UnitsRate.duedateforfine", "pk": 1, "fields": {"fine_date": "2023-10-27"}}, {"model": "UnitsRate.firstrangeofunitvalue", "pk": 1, "fields": {"range_of_units_residential": "100.00", "unit_price_for_first_range_residentails": "20.00", "range_of_units_commercial": "100.00", "unit_price_for_first_range_wdcommercial": "30.00"}}, {"model": "UnitsRate.secondrangeofunitvalue", "pk": 1, "fields": {"range_of_units_residential": "200.00", "unit_price_for_second_range_residentails": "30.00", "range_of_units_commercial": "200.00", "unit_price_for_second_range_wdcommercial": "40.00"}}, {"model": "UnitsRate.thirdrangeofunitvalue", "pk": 1, "fields": {"range_of_units_residential": "300.00", "unit_price_for_third_range_residentails": "50.00", "range_of_units_commercial": "300.00", "unit_price_for_third_range_wdcommercial": "70.00"}}, {"model": "UnitsRate.thirdrangeofunitvalue", "pk": 2, "fields": {"range_of_units_residential": "300.00", "unit_price_for_third_range_residentails": "50.00", "range_of_units_commercial": "300.00", "unit_price_for_third_range_wdcommercial": "70.00"}}, {"model": "UnitsRate.fouthrangeofunitvalue", "pk": 1, "fields": {"range_of_units_residential": "500.00", "unit_price_for_fourht_range_residentails": "80.00", "range_of_units_commercial": "500.00", "unit_price_for_fourth_range_wdcommercial": "100.00"}}]